-- phpMyAdmin SQL Dump
-- version 5.0.4
-- https://www.phpmyadmin.net/
--
-- Servidor: 127.0.0.1
-- Tiempo de generación: 08-06-2021 a las 18:22:47
-- Versión del servidor: 10.4.17-MariaDB
-- Versión de PHP: 7.3.27

SET SQL_MODE = "NO_AUTO_VALUE_ON_ZERO";
START TRANSACTION;
SET time_zone = "+00:00";


/*!40101 SET @OLD_CHARACTER_SET_CLIENT=@@CHARACTER_SET_CLIENT */;
/*!40101 SET @OLD_CHARACTER_SET_RESULTS=@@CHARACTER_SET_RESULTS */;
/*!40101 SET @OLD_COLLATION_CONNECTION=@@COLLATION_CONNECTION */;
/*!40101 SET NAMES utf8mb4 */;

--
-- Base de datos: `proyecto_daw`
--

-- --------------------------------------------------------

--
-- Estructura de tabla para la tabla `categorias`
--

CREATE TABLE `categorias` (
  `categoria` varchar(25) COLLATE utf8_spanish_ci NOT NULL
) ENGINE=InnoDB DEFAULT CHARSET=utf8 COLLATE=utf8_spanish_ci;

--
-- Volcado de datos para la tabla `categorias`
--

INSERT INTO `categorias` (`categoria`) VALUES
('Arte y literaturas'),
('Baloncesto'),
('Biografía'),
('Brujas'),
('Burdeos'),
('Canciones'),
('Capadocia'),
('Ciencias'),
('Cordilleras'),
('Deportes'),
('Ecologista y naturalista'),
('Edimburgo'),
('Entretenimiento'),
('Estambúl'),
('Florencia'),
('Fútbol'),
('Historia'),
('Ordenadores'),
('Países'),
('Poesía'),
('Política y docencia'),
('Ríos'),
('San Petesburgo'),
('Trascendencia');

-- --------------------------------------------------------

--
-- Estructura de tabla para la tabla `expcategorias`
--

CREATE TABLE `expcategorias` (
  `id` int(11) NOT NULL,
  `idExperto` int(11) NOT NULL,
  `categoria` varchar(25) COLLATE utf8_spanish_ci NOT NULL
) ENGINE=InnoDB DEFAULT CHARSET=utf8 COLLATE=utf8_spanish_ci;

--
-- Volcado de datos para la tabla `expcategorias`
--

INSERT INTO `expcategorias` (`id`, `idExperto`, `categoria`) VALUES
(19, 1, 'Biografía'),
(20, 1, 'Canciones'),
(21, 1, 'Ecologista y naturalista'),
(22, 1, 'Poesía'),
(23, 1, 'Política y docencia'),
(24, 1, 'Trascendencia'),
(48, 3, 'Brujas'),
(49, 3, 'Burdeos'),
(50, 3, 'Edimburgo'),
(51, 3, 'Estambúl'),
(52, 3, 'Florencia'),
(53, 3, 'San Petesburgo'),
(18, 4, 'Ecologista y naturalista'),
(12, 5, 'Biografía'),
(13, 5, 'Canciones'),
(14, 5, 'Poesía'),
(15, 5, 'Política y docencia'),
(16, 5, 'Trascendencia'),
(33, 6, 'Cordilleras'),
(34, 6, 'Países'),
(35, 6, 'Ríos'),
(36, 7, 'Cordilleras'),
(37, 7, 'Países'),
(38, 7, 'Ríos'),
(39, 8, 'Cordilleras'),
(40, 8, 'Países'),
(41, 8, 'Ríos'),
(42, 9, 'Cordilleras'),
(43, 9, 'Países'),
(44, 9, 'Ríos'),
(45, 10, 'Cordilleras'),
(46, 10, 'Países'),
(47, 10, 'Ríos');

-- --------------------------------------------------------

--
-- Estructura de tabla para la tabla `expertos`
--

CREATE TABLE `expertos` (
  `id` int(11) NOT NULL,
  `nombre` varchar(100) COLLATE utf8_spanish_ci NOT NULL,
  `usuario` varchar(50) COLLATE utf8_spanish_ci NOT NULL,
  `password` varchar(150) COLLATE utf8_spanish_ci NOT NULL,
  `email` varchar(100) COLLATE utf8_spanish_ci NOT NULL,
  `trash` tinyint(1) NOT NULL DEFAULT 0,
  `rol` enum('administrador','experto') COLLATE utf8_spanish_ci NOT NULL,
  `token` varchar(255) COLLATE utf8_spanish_ci DEFAULT NULL,
  `tokenEnd` timestamp NULL DEFAULT NULL
) ENGINE=InnoDB DEFAULT CHARSET=utf8 COLLATE=utf8_spanish_ci;

--
-- Volcado de datos para la tabla `expertos`
--

INSERT INTO `expertos` (`id`, `nombre`, `usuario`, `password`, `email`, `trash`, `rol`, `token`, `tokenEnd`) VALUES
(1, 'Administrador', 'admin', '21232f297a57a5a743894a0e4a801fc3', 'navarrozuara@gmail.com', 0, 'administrador', NULL, NULL),
(2, 'Elisa', 'navarrozuara', '8070b0b01d9042fdbc54f095bd2832ef', 'navarrozuara@gmail.com', 0, 'experto', NULL, NULL),
(3, 'jose', 'jose', '662eaa47199461d01a623884080934ab', 'fjagui@gmail.com', 0, 'experto', '64616639313132643533646366333031626161306132613031663730373136653966356133356463393237323438333864383962333764626465393564313732', '2018-03-08 10:20:39'),
(4, 'literatura', 'literatura', 'password', 'literatura@gmail.com', 0, 'experto', NULL, NULL),
(5, 'labordeta', 'labordeta', 'iesgrancapitan', 'informatica@iesgc.com', 0, 'experto', NULL, NULL),
(6, 'Sole', 'sole', 'beb7f7a395dc21ad97425bbc061afbaf', 'sole_7@outlook.com', 0, 'experto', NULL, NULL),
(7, 'pablo', 'pablo', '08d73df56eabed0bb5dec9346fd8570b', 'pabloleonpsico@gmail.com', 0, 'experto', NULL, NULL),
(8, 'David', 'david', '81dc9bdb52d04dc20036dbd8313ed055', 'admateo@gmail.com', 0, 'experto', NULL, NULL),
(9, 'jponferrada', 'jponferrada', '81dc9bdb52d04dc20036dbd8313ed055', 'jponferrada26@gmail.com', 0, 'experto', NULL, NULL),
(10, 'jose', 'josue', '827ccb0eea8a706c4c34a16891f84e7b', 'josue@gmail.es', 0, 'experto', NULL, NULL);

-- --------------------------------------------------------

--
-- Estructura de tabla para la tabla `familia`
--

CREATE TABLE `familia` (
  `id` int(9) NOT NULL,
  `nombre` varchar(255) COLLATE utf8_spanish_ci NOT NULL,
  `trash` tinyint(1) NOT NULL
) ENGINE=InnoDB DEFAULT CHARSET=utf8 COLLATE=utf8_spanish_ci;

--
-- Volcado de datos para la tabla `familia`
--

INSERT INTO `familia` (`id`, `nombre`, `trash`) VALUES
(1, 'Labordeta', 0),
(16, 'Matematicas', 0),
(18, 'Geología', 0),
(19, 'Clásico', 0),
(24, 'Movil', 0),
(26, 'Geografía', 0),
(27, 'Deportes', 0),
(28, 'Desarrollo Web', 0),
(29, 'Viajes', 0),
(30, 'labordeta_borra', 0);

-- --------------------------------------------------------

--
-- Estructura de tabla para la tabla `familiacateg`
--

CREATE TABLE `familiacateg` (
  `id_familia` int(9) NOT NULL,
  `id_categoria` varchar(25) COLLATE utf8_spanish_ci NOT NULL
) ENGINE=InnoDB DEFAULT CHARSET=utf8 COLLATE=utf8_spanish_ci;

--
-- Volcado de datos para la tabla `familiacateg`
--

INSERT INTO `familiacateg` (`id_familia`, `id_categoria`) VALUES
(1, 'Biografía'),
(1, 'Canciones'),
(1, 'Ecologista y naturalista'),
(1, 'Poesía'),
(1, 'Política y docencia'),
(1, 'Trascendencia'),
(18, 'Biografía'),
(19, 'Biografía'),
(19, 'Canciones'),
(19, 'Ciencias'),
(19, 'Deportes'),
(19, 'Ecologista y naturalista'),
(19, 'Entretenimiento'),
(19, 'Historia'),
(19, 'Poesía'),
(19, 'Política y docencia'),
(19, 'Trascendencia'),
(26, 'Cordilleras'),
(26, 'Países'),
(26, 'Ríos'),
(27, 'Baloncesto'),
(27, 'Fútbol'),
(29, 'Brujas'),
(29, 'Burdeos'),
(29, 'Capadocia'),
(29, 'Edimburgo'),
(29, 'Estambúl'),
(29, 'Florencia'),
(29, 'San Petesburgo'),
(30, 'Poesía');

-- --------------------------------------------------------

--
-- Estructura de tabla para la tabla `juego`
--

CREATE TABLE `juego` (
  `id` int(9) NOT NULL,
  `titulo` varchar(255) COLLATE utf8_spanish_ci NOT NULL,
  `imagen` varchar(2000) COLLATE utf8_spanish_ci NOT NULL,
  `psw` varchar(20) COLLATE utf8_spanish_ci NOT NULL,
  `id_familia` int(9) NOT NULL,
  `creacion` timestamp NOT NULL DEFAULT current_timestamp(),
  `trash` tinyint(1) NOT NULL,
  `color` varchar(11) COLLATE utf8_spanish_ci DEFAULT NULL,
  `modificacion` datetime DEFAULT NULL
) ENGINE=InnoDB DEFAULT CHARSET=utf8 COLLATE=utf8_spanish_ci;

--
-- Volcado de datos para la tabla `juego`
--

INSERT INTO `juego` (`id`, `titulo`, `imagen`, `psw`, `id_familia`, `creacion`, `trash`, `color`, `modificacion`) VALUES
(34, 'Labordeta', 'uploads/imgJuegos/josc3a9-antonio-labordeta-subc3adas.jpg', '1234', 1, '2018-01-19 05:57:29', 0, '#c40000', '2018-01-19 08:57:29'),
(37, 'Clásico', 'uploads/imagenes/default.png', '123', 19, '2018-01-22 05:54:39', 0, '#008080', '2018-01-22 08:54:39'),
(41, 'GeoPos', 'uploads/imgJuegos/20180103103908POLITICAL_WORLD_MAP_DEF_1..jpg', '12345', 26, '2018-03-01 06:39:08', 0, '#bbc6bc', '2018-03-01 09:39:08'),
(42, 'Viajes', 'uploads/imgJuegos/2019201215281081lhaJG8mlL._SL1500_.jpg', '1234', 29, '2019-12-20 12:28:10', 0, '#39628a', NULL),
(43, 'labordeta_uno', 'uploads/imgJuegos/2019201216200081lhaJG8mlL._SL1500_.jpg', '1234', 30, '2019-12-20 13:20:00', 0, '#0000a0', NULL);

-- --------------------------------------------------------

--
-- Estructura de tabla para la tabla `niveles`
--

CREATE TABLE `niveles` (
  `Nivel` varchar(25) COLLATE utf8_spanish_ci NOT NULL
) ENGINE=InnoDB DEFAULT CHARSET=utf8 COLLATE=utf8_spanish_ci;

--
-- Volcado de datos para la tabla `niveles`
--

INSERT INTO `niveles` (`Nivel`) VALUES
('Difícil'),
('Fácil');

-- --------------------------------------------------------

--
-- Estructura de tabla para la tabla `preguntas`
--

CREATE TABLE `preguntas` (
  `id` int(11) NOT NULL,
  `pregunta` varchar(256) COLLATE utf8_spanish_ci NOT NULL,
  `Objeto` varchar(256) COLLATE utf8_spanish_ci NOT NULL,
  `tipoObjeto` enum('Imagen','Vídeo','Audio','Link') COLLATE utf8_spanish_ci NOT NULL,
  `categoria` varchar(25) COLLATE utf8_spanish_ci NOT NULL,
  `nivel` varchar(25) COLLATE utf8_spanish_ci NOT NULL,
  `idExperto` int(11) NOT NULL,
  `trash` tinyint(1) NOT NULL DEFAULT 0,
  `activo` tinyint(1) NOT NULL,
  `fecha` timestamp NOT NULL DEFAULT current_timestamp() ON UPDATE current_timestamp()
) ENGINE=InnoDB DEFAULT CHARSET=utf8 COLLATE=utf8_spanish_ci;

--
-- Volcado de datos para la tabla `preguntas`
--

INSERT INTO `preguntas` (`id`, `pregunta`, `Objeto`, `tipoObjeto`, `categoria`, `nivel`, `idExperto`, `trash`, `activo`, `fecha`) VALUES
(7, '¿En qué año nació José Luis Labordeta?', '', '', 'Poesía', 'Fácil', 1, 0, 1, '2018-02-27 12:26:06'),
(8, '¿A qué se dedica su hija Ana?', '', '', 'Biografía', 'Fácil', 5, 0, 0, '2018-01-16 08:30:10'),
(9, '¿Cómo se llaman sus tres hijas?', '', '', 'Biografía', 'Fácil', 5, 0, 0, '2018-01-16 08:30:10'),
(10, '¿Qué tipo de literatura escribe su segunda hija?', '', '', 'Biografía', 'Difícil', 1, 0, 0, '2018-01-16 08:30:10'),
(11, '¿En qué trabaja su hija Paula?', '', '', 'Biografía', 'Difícil', 5, 0, 0, '2018-01-16 08:30:10'),
(12, '¿Dónde nació José Antonio Labordeta?', '', '', 'Biografía', 'Fácil', 5, 0, 0, '2018-01-16 08:30:10'),
(13, '¿Cuándo se han cumplido 5 años desde el fallecimiento de José Antonio Labordeta?', '', '', 'Trascendencia', 'Fácil', 5, 0, 0, '2018-01-16 08:30:10'),
(14, '¿Cuándo estará terminado el Centro de Estudios José Antonio Labordeta?', '', '', 'Trascendencia', 'Fácil', 5, 0, 0, '2018-01-16 08:30:10'),
(15, '¿Con cuántos años falleció Labordeta?', '', '', 'Trascendencia', 'Difícil', 5, 0, 0, '2018-01-16 08:30:10'),
(16, '¿En qué ciudad impartió primero clase Labordeta?', '', '', 'Biografía', 'Difícil', 5, 0, 0, '2018-01-16 08:30:10'),
(17, '¿Cuál es su canción más célebre?', '', '', 'Trascendencia', 'Fácil', 1, 0, 0, '2018-01-16 08:30:10'),
(18, '¿Cómo era para la gente José Antonio Labordeta?', '', '', 'Trascendencia', 'Difícil', 5, 0, 0, '2018-01-16 08:30:10'),
(19, '¿En qué año salieron los libros \"Mercado Central\" e \"Historia de Paletonia\"?', '', '', 'Trascendencia', 'Difícil', 1, 0, 0, '2021-06-06 15:25:48'),
(20, '¿Cuál es el lema que se puso en Aragón al morir Labordeta?', '', '', 'Trascendencia', 'Fácil', 5, 0, 0, '2018-01-16 08:30:10'),
(21, '¿Cuántos premios recibió Labordeta, en vida?', '', '', 'Trascendencia', 'Fácil', 1, 0, 0, '2018-01-16 08:30:10'),
(22, '¿En qué año inició Labordeta en la vida escolar?', '', '', 'Biografía', 'Difícil', 5, 0, 0, '2018-01-16 08:30:10'),
(23, '¿Cuándo fue el homenaje popular a José Antonio Labordeta en el quinto aniversario de su muerte?', '', '', 'Trascendencia', 'Fácil', 5, 0, 0, '2018-01-16 08:30:10'),
(24, '¿Cómo apodaban a J.A. Labordeta desde siempre?', '', '', 'Trascendencia', 'Fácil', 5, 0, 0, '2018-01-16 08:30:10'),
(25, '¿Cuándo recibió la Medalla de Oro de Aragón, a título póstumo, el cantautor?', '', '', 'Trascendencia', 'Fácil', 1, 0, 0, '2018-01-16 08:30:10'),
(26, '¿Cuándo se abrió la fundación José Antonio Labordeta al público?', '', '', 'Trascendencia', 'Fácil', 5, 0, 0, '2018-01-16 08:30:10'),
(27, '¿Quién ha depositado junto al ataúd una bandera republicana?', '', '', 'Trascendencia', 'Difícil', 1, 0, 0, '2018-01-16 08:30:10'),
(28, '¿Qué detalle tuvo la Fundación Labordeta durante el quinto aniversario de su muerte hacia los aragoneses y sus familias?', '', '', 'Trascendencia', 'Fácil', 1, 0, 0, '2018-01-16 08:30:10'),
(29, '¿Cómo le llamaba la gente?', '', '', 'Trascendencia', 'Fácil', 5, 0, 0, '2018-01-16 08:30:10'),
(30, '¿Cuándo nace la Fundación José Antonio Labordeta?', '', '', 'Trascendencia', 'Fácil', 5, 0, 0, '2018-01-16 08:30:10'),
(31, '¿Cómo se llama el niño que canta la canción \'Somos\' como homenaje a Labordeta, en este vídeo?', 'https://www.youtube.com/watch?v=U2wR7eRYuFQ', 'Link', 'Trascendencia', 'Fácil', 1, 0, 0, '2018-01-16 08:30:10'),
(32, '¿Durante cuánto tiempo duró “Un país en la mochila”?', '', '', 'Trascendencia', 'Fácil', 5, 0, 0, '2018-01-16 08:30:10'),
(33, '¿En qué año falleció José Antonio Labordeta?', '', '', 'Trascendencia', 'Fácil', 5, 0, 0, '2018-01-16 08:30:10'),
(34, 'La fundación Jose Antonio Labordeta tiene como objetivo ...', '', '', 'Trascendencia', 'Difícil', 5, 0, 0, '2018-01-16 08:30:10'),
(35, '¿Con qué fue reconocida la trascendencia de Labordeta?', '', '', 'Trascendencia', 'Fácil', 5, 0, 0, '2018-01-16 08:30:10'),
(36, '¿Cuándo se celebró el quinto aniversario del fallecimiento de Labordeta?', '', '', 'Trascendencia', 'Fácil', 5, 0, 0, '2018-01-16 08:30:10'),
(37, '¿Quién fue el mentor de Labordeta en la poesía?', '', '', 'Biografía', 'Difícil', 5, 0, 0, '2018-01-16 08:30:10'),
(38, '¿Qué libro póstumo, compuesto por artículos, se publicó en Andalán?', '', '', 'Trascendencia', 'Difícil', 5, 0, 0, '2018-01-16 08:30:10'),
(39, '¿A qué edad falleció Labordeta?', '', '', 'Biografía', 'Fácil', 5, 0, 0, '2018-01-16 08:30:10'),
(40, '¿En qué año se abrió la sede de la Fundación José Antonio Labordeta?', '', '', 'Trascendencia', 'Fácil', 5, 0, 0, '2018-01-16 08:30:10'),
(41, '¿Dónde despidieron a José Antonio Labordeta?', '', '', 'Trascendencia', 'Difícil', 5, 0, 0, '2018-01-16 08:30:10'),
(42, '¿Con cuántos años y de qué muere Labordeta?', 'https://www.youtube.com/watch?v=b6bJ07pX1JE', 'Link', 'Biografía', 'Fácil', 1, 0, 0, '2018-01-16 08:30:10'),
(43, '¿Quién es la presidenta de la Fundación José Antonio Labordeta?', '', '', 'Trascendencia', 'Fácil', 5, 0, 0, '2018-01-16 08:30:10'),
(44, 'El libro \"Mercado Central\", ¿en quién pensaba cuando lo escribió J.A. Labordeta?', '', '', 'Trascendencia', 'Difícil', 1, 0, 0, '2021-06-06 15:30:08'),
(45, '¿Cuántos años estuvo en Francia?', '', '', 'Biografía', 'Difícil', 5, 0, 0, '2018-01-16 08:30:10'),
(46, '¿En qué canal se emitió el último capítulo de “Un país en la mochila”?', '', '', 'Trascendencia', 'Fácil', 1, 0, 0, '2018-01-16 08:30:10'),
(47, '¿Cómo se llama la mujer de Labordeta?', '', '', 'Biografía', 'Difícil', 1, 0, 0, '2018-01-16 08:30:10'),
(48, '¿En qué se matriculó en la Universidad?', '', '', 'Biografía', 'Fácil', 5, 0, 0, '2018-01-16 08:30:10'),
(49, '¿En qué lugar se organizó este homenaje a Labordeta?', 'https://www.youtube.com/watch?v=qRC6yjH2ops', 'Link', 'Trascendencia', 'Fácil', 5, 0, 0, '2018-01-16 08:30:10'),
(50, '¿En qué año salió el álbum “Andar Andola”, con canciones de Labordeta, entre otras?', '', '', 'Trascendencia', 'Difícil', 1, 0, 0, '2018-01-16 08:30:10'),
(51, '¿Cuál es la primera sala que se visita en la Fundación Labordeta?', '', '', 'Trascendencia', 'Fácil', 5, 0, 0, '2018-01-16 08:30:10'),
(52, '¿En que Hospital falleció José Antonio Labordeta?', '', '', 'Trascendencia', 'Difícil', 5, 0, 0, '2018-01-16 08:30:10'),
(53, 'La segunda sala se adentra en ...', '', '', 'Trascendencia', 'Fácil', 5, 0, 0, '2018-01-16 08:30:10'),
(54, '¿Qué universidad nombró a Labordeta Doctor Honoris Causa?', '', '', 'Trascendencia', 'Fácil', 1, 0, 0, '2018-01-16 08:30:10'),
(55, '¿Qué le hicieron sus amigos al morir J.A. Labordeta?', '', '', 'Trascendencia', 'Difícil', 1, 0, 0, '2018-01-16 08:30:10'),
(56, '¿En qué año fundó el periódico Andalán?', '', '', 'Biografía', 'Difícil', 5, 0, 0, '2018-01-16 08:30:10'),
(57, '¿Cuanto cuesta la entrada a la fundación de Jose Antonio Labordeta?', '', '', 'Trascendencia', 'Fácil', 5, 0, 0, '2018-01-16 08:30:10'),
(58, '¿Qué palabra hay en el poema “Versos como besos que se refiere a amor?', '', '', 'Poesía', 'Fácil', 5, 0, 0, '2018-01-16 08:30:10'),
(59, '¿Cuáles eran los principales valores de Labordeta?', '', '', 'Trascendencia', 'Difícil', 5, 0, 0, '2018-01-16 08:30:10'),
(60, '¿Cuánto aportó el consistorio de Zaragoza para la Fundación Labordeta?', '', '', 'Trascendencia', 'Difícil', 5, 0, 0, '2018-01-16 08:30:10'),
(61, '¿Qué secreto guardaban Labordeta y Emilio Lacambra, que el último reveló tras su muerte?', '', '', 'Trascendencia', 'Difícil', 5, 0, 0, '2018-01-16 08:30:10'),
(62, '¿Cuántas veces se casó?', '', '', 'Biografía', 'Fácil', 5, 0, 0, '2018-01-16 08:30:10'),
(63, '¿Qué cantante fue a la \"I Edición Premios J.A. Labordeta\"?', '', '', 'Trascendencia', 'Difícil', 1, 0, 0, '2021-06-06 15:30:22'),
(64, '¿Cuándo se publicó el libro “Amigo Labordeta”?', '', '', 'Trascendencia', 'Difícil', 5, 0, 0, '2018-01-16 08:30:10'),
(65, '¿Cuántos artistas hicieron conciertos-homenaje a Labordeta?', '', '', 'Trascendencia', 'Fácil', 5, 0, 0, '2018-01-16 08:30:10'),
(66, '¿Cuántos reconocimientos ha recibido J.A. Labordeta?', '', '', 'Biografía', 'Difícil', 1, 0, 0, '2018-01-16 08:30:10'),
(67, '¿Cuál fue el primer libro póstumo de Jose Antonio Labordeta?', '', '', 'Trascendencia', 'Difícil', 5, 0, 0, '2018-01-16 08:30:10'),
(68, 'La muerte de Labordeta, supuso la pérdida de …', '', '', 'Trascendencia', 'Fácil', 5, 0, 0, '2018-01-16 08:30:10'),
(69, '¿Cómo se llama el libro reeditado por la Fundación Labordeta?', '', '', 'Trascendencia', 'Difícil', 5, 0, 0, '2018-01-16 08:30:10'),
(70, '¿Cuál es la famosa frase de José Antonio Labordeta?', '', '', 'Biografía', 'Fácil', 5, 0, 0, '2018-01-16 08:30:10'),
(71, '¿Cuántos libros de poesía hizo Labordeta?', '', '', 'Trascendencia', 'Fácil', 5, 0, 0, '2018-01-16 08:30:10'),
(72, '¿Dónde despidieron al Abuelo; (Labordeta) cuando murió?', '', '', 'Trascendencia', 'Difícil', 5, 0, 0, '2021-06-06 15:30:35'),
(73, '¿Cuándo se hizo la sede de la Fundación de José Antonio Labordeta?', '', '', 'Trascendencia', 'Difícil', 5, 0, 0, '2018-01-16 08:30:10'),
(74, '¿Qué presidente o ex vicepresidente presentó el libro Amigo Labordeta, como homenaje a José Antonio Labordeta?', '', '', 'Trascendencia', 'Difícil', 5, 0, 0, '2018-01-16 08:30:10'),
(75, '¿Cuál es el segundo apellido de José Antonio Labordeta?', '', '', 'Biografía', 'Difícil', 5, 0, 0, '2018-01-16 08:30:10'),
(76, '¿Qué le concidieron a José Antonio Labordeta tras su muerte?', '', '', 'Trascendencia', 'Difícil', 1, 0, 0, '2018-01-16 08:30:10'),
(77, '¿Dónde se instaló el memorial de Labordeta?', '', '', 'Trascendencia', 'Difícil', 1, 0, 0, '2018-01-16 08:30:10'),
(78, '¿Qué quiere decir el título del poema “Un mes inútil”?', '', '', 'Poesía', 'Fácil', 5, 0, 0, '2018-01-16 08:30:10'),
(79, '¿Cuántos hermanos tuvo?', '', '', 'Biografía', 'Fácil', 5, 0, 0, '2018-01-16 08:30:10'),
(80, '¿En qué año volvió de nuevo a Zaragoza?', '', '', 'Biografía', 'Difícil', 5, 0, 0, '2018-01-16 08:30:10'),
(81, '¿Qué capitulo de “Un país en la mochila” emitieron en La 2 como homenaje a Labordeta?', '', '', 'Trascendencia', 'Difícil', 5, 0, 0, '2018-01-16 08:30:10'),
(82, '¿Qué opinaba Purificación González sobre José Antonio Labordeta?', '', '', 'Trascendencia', 'Difícil', 5, 0, 0, '2018-01-16 08:30:10'),
(83, '¿Cuántos discos grabó?', '', '', 'Biografía', 'Difícil', 5, 0, 0, '2018-01-16 08:30:10'),
(85, '¿Cuántos libros publicó?', '', '', 'Biografía', 'Difícil', 5, 0, 0, '2018-01-16 08:30:10'),
(86, '¿Qué medalla le fue entregada a José Antonio como máximo honor político?', '', '', 'Trascendencia', 'Difícil', 1, 0, 0, '2018-01-16 08:30:10'),
(87, '¿Cuándo se celebró el \"I Congreso José Antonio Labordeta de Política, Comunicación y Periodismo\"?', '', '', 'Trascendencia', 'Difícil', 1, 0, 0, '2021-06-06 15:31:12'),
(88, '¿En qué mes se publicó el poema “Sentado en el viejo sillón?', '', '', 'Poesía', 'Fácil', 5, 0, 0, '2018-01-16 08:30:10'),
(89, '¿Cuál ha sido la faceta menos estudiada de Labordeta?', '', '', 'Política y docencia', 'Fácil', 5, 0, 0, '2018-01-16 08:30:10'),
(90, '¿Por qué sentía debilidad José Antonio Labordeta?', '', '', 'Trascendencia', 'Difícil', 5, 0, 0, '2018-01-16 08:30:10'),
(91, '¿Cómo enterraron a Labordeta?', '', '', 'Trascendencia', 'Fácil', 5, 0, 0, '2018-01-16 08:30:10'),
(92, '¿Qué canción cantan Joaquín Carbonell y Eduardo Paz en honor a José Antonio Labordeta, en el siguiente vídeo?', 'https://www.youtube.com/watch?v=wqKI9T3Py0o', 'Link', 'Trascendencia', 'Fácil', 1, 0, 0, '2018-01-16 08:30:10'),
(93, '¿Con qué partido tuvo Labordeta en algunas ocasiones un enfrentamiento verbal en el Congreso de los Diputados?', '', '', 'Política y docencia', 'Fácil', 5, 0, 1, '2018-02-27 13:55:55'),
(94, '¿Qué palabra describe el poema “Los caminos”?', '', '', 'Biografía', 'Difícil', 1, 0, 0, '2018-01-16 08:30:10'),
(95, '¿Qué tenían en común Félix Rodríguez de la Fuente y José Antonio Labordeta?', '', '', 'Ecologista y naturalista', 'Fácil', 5, 0, 0, '2018-01-16 08:30:10'),
(96, '¿Qué oficio tenía el padre de Labordeta?', '', '', 'Biografía', 'Difícil', 5, 0, 0, '2018-01-16 08:30:10'),
(97, '¿Cómo se llama la serie de programas de ecología y naturaleza que hizo José Antonio Labordeta en TVE?', '', '', 'Ecologista y naturalista', 'Difícil', 5, 0, 0, '2018-01-16 08:30:10'),
(98, '¿A qué provincia de Andalucía pertenece este vídeo donde Labordeta hizo su programa?', '( __http://www.rtve.es/alacarta/videos/un-pais-en-la-mochila/pais-mochila-sierras-segura/462257/__ ) ( desde 00:49 hasta 00:52)', 'Link', 'Ecologista y naturalista', 'Fácil', 5, 0, 0, '2018-01-16 08:30:10'),
(99, '¿Dónde cursó Labordeta sus estudios primarios?', '', '', 'Política y docencia', 'Fácil', 5, 0, 1, '2018-02-27 13:36:50'),
(100, '¿Cuál es la famosa frase de Labordeta?', '', '', 'Política y docencia', 'Fácil', 5, 0, 0, '2018-01-16 08:30:10'),
(101, '¿Donde se hizo la I EDICIÓN PREMIOS JOSÉ ANTONIO LABORDETA?', '', '', 'Trascendencia', 'Fácil', 5, 0, 0, '2018-01-16 08:30:10'),
(102, '¿En qué día nació Labordeta?', '', '', 'Biografía', 'Fácil', 5, 0, 0, '2018-01-16 08:30:10'),
(103, '¿Quién de la familia de José Antonio fue poeta antes que él?', '', '', 'Poesía', 'Fácil', 5, 0, 0, '2018-01-16 08:30:10'),
(104, '¿En qué calle de Zaragoza está situada la Fundación José Antonio Labordeta?', '', '', 'Trascendencia', 'Difícil', 5, 0, 0, '2018-01-16 08:30:10'),
(105, '¿Dónde concluyó Labordeta el Bachillerato?', '', '', 'Biografía', 'Difícil', 5, 0, 0, '2018-01-16 08:30:10'),
(106, '¿En qué se licenció José Antonio Labordeta?', '', '', 'Política y docencia', 'Fácil', 5, 0, 0, '2018-01-16 08:30:10'),
(107, '¿Que nombre recibe el puerto de La Gomera adonde fue Labordeta en barco?', '', '', 'Ecologista y naturalista', 'Fácil', 5, 0, 0, '2018-01-16 08:30:10'),
(108, '¿Por qué partido fue diputado en el Congreso?', '', '', 'Política y docencia', 'Fácil', 5, 0, 0, '2018-01-16 08:30:10'),
(109, '¿A qué provincia de Castilla-La Mancha pertenece este vídeo donde Labordeta hizo su programa?', '( __http://www.rtve.es/alacarta/videos/un-pais-en-la-mochila/pais-mochila-campo-calatrava/459439/__ ) ( desde 00:47 hasta 00:52)', 'Link', 'Ecologista y naturalista', 'Fácil', 5, 0, 0, '2018-01-16 08:30:10'),
(110, '¿Cuántas veces se presentó a las elecciones?', '', '', 'Política y docencia', 'Fácil', 5, 0, 0, '2018-01-16 08:30:10'),
(111, '¿De qué fue profesor José Antonio Labordeta?', '', '', 'Política y docencia', 'Fácil', 5, 0, 0, '2018-01-16 08:30:10'),
(112, '¿Cuánto tiempo duró esa serie en televisión?', '', '', 'Ecologista y naturalista', 'Fácil', 5, 0, 0, '2018-01-16 08:30:10'),
(113, '¿De cuántas islas se compone el archipiélago canario, donde grabó Labordeta un capítulo de \"Un país en la mochila\"?', '', '', 'Ecologista y naturalista', 'Fácil', 1, 0, 0, '2021-06-06 15:31:28'),
(114, '¿Cuál es el estribillo de la canción \"Ya ves\", su testamento musical?', '', '', 'Trascendencia', 'Difícil', 1, 0, 0, '2021-06-06 15:33:00'),
(115, '¿De qué año hasta qué año fue diputado?', '', '', 'Política y docencia', 'Difícil', 5, 0, 0, '2018-01-16 08:30:10'),
(116, '¿Cómo se llama el concierto organizado el 29 de septiembre en el Teatro Principal de Zaragoza en honor a Labordeta?', '', '', 'Trascendencia', 'Difícil', 5, 0, 0, '2018-01-16 08:30:10'),
(117, '¿De qué trata el poema \"Acuérdate\"?', '', '', 'Poesía', 'Fácil', 1, 0, 0, '2021-06-06 15:34:30'),
(118, '¿En que parte de España estamos?', '( __http://www.rtve.es/alacarta/videos/un-pais-en-la-mochila/pais-mochila-vera-caceres/449716/__ ) (desde 0:47 hasta 00:51 )', 'Link', 'Ecologista y naturalista', 'Fácil', 5, 0, 0, '2018-01-16 08:30:10'),
(119, '¿En qué año regresó a Zaragoza para seguir dedicándose a la docencia?', '', '', 'Política y docencia', 'Fácil', 1, 0, 0, '2018-01-16 08:30:10'),
(120, '¿Cuándo se emitió por primera vez su serie?', '', '', 'Ecologista y naturalista', 'Fácil', 5, 0, 0, '2018-01-16 08:30:10'),
(121, '¿Cómo se llamaba el colegio donde siguió impartiendo docencia?', '', '', 'Política y docencia', 'Fácil', 5, 0, 0, '2018-01-16 08:30:10'),
(122, '¿Sobre qué tema habla en el poema “Te he visto envejecer”?', '', '', 'Poesía', 'Difícil', 5, 0, 0, '2018-01-16 08:30:10'),
(123, '¿Por qué ciudad fue elegido diputado?', '', '', 'Política y docencia', 'Fácil', 5, 0, 0, '2018-01-16 08:30:10'),
(125, '¿A quien le dedica el poema anterior ?', '', '', 'Poesía', 'Fácil', 5, 0, 0, '2018-01-16 08:30:10'),
(126, '¿En qué año participó en la creación del Partido Socialista de Aragón?', '', '', 'Política y docencia', 'Difícil', 5, 0, 0, '2018-01-16 08:30:10'),
(127, '¿Por qué partido se presentó al Senado José Antonio Labordeta?', '', '', 'Trascendencia', 'Difícil', 5, 0, 0, '2018-01-16 08:30:10'),
(128, '¿Quién fue alumno de José Antonio Labordeta y posteriormente cantautor?', '', '', 'Política y docencia', 'Difícil', 1, 0, 0, '2018-01-16 08:30:10'),
(129, '¿Dónde se encuentra Labordeta?', '( __http://www.rtve.es/alacarta/videos/un-pais-en-la-mochila/pais-mochila-ruta-del-marmol/452553/__ ) ( desde 00:51 hasta 00:55 )', 'Link', 'Ecologista y naturalista', 'Fácil', 5, 0, 0, '2018-01-16 08:30:10'),
(130, '¿Qué nombre recibe el amigo del pinar de Labordeta?', '', '', 'Ecologista y naturalista', 'Difícil', 5, 0, 0, '2018-01-16 08:30:10'),
(131, '¿A qué se refiere cuando en unos de los poemas su titulo es \"Fin del mundo\"?', '', '', 'Poesía', 'Difícil', 5, 0, 0, '2021-06-06 15:31:46'),
(132, '¿En qué fecha protagonizó su último acto público?', '', '', 'Política y docencia', 'Fácil', 5, 0, 0, '2018-01-16 08:30:10'),
(133, '¿Cuándo se emitió por última vez su serie?', '', '', 'Ecologista y naturalista', 'Fácil', 5, 0, 0, '2018-01-16 08:30:10'),
(134, '¿Qué parte de España está visitando Labordeta?', '( http://www.rtve.es/alacarta/videos/un-pais-en-la-mochila/pais-mochila-maestrazgo-teruel/447369/ ) ( desde 00:41 hasta 00:46 )', 'Link', 'Ecologista y naturalista', 'Fácil', 5, 0, 0, '2018-01-16 08:30:10'),
(135, '¿Qué canción interpretó Joan Manuel Serrat como homenaje a J,A. Labordeta en 2014, en las Sala Multiusos del Auditorio de Zaragoza?', 'https://www.youtube.com/watch?v=RnTYPdNmPuA', 'Link', 'Trascendencia', 'Difícil', 1, 0, 0, '2018-01-16 08:30:10'),
(136, '¿Cuántos capítulos tuvo la serie?', '', '', 'Ecologista y naturalista', 'Fácil', 5, 0, 0, '2018-01-16 08:30:10'),
(137, '¿En qué fechas dice este vídeo que se proyectó \"Un país en la mochila\"?', 'http://www.rtve.es/alacarta/videos/programa/labordeta-mostro-espana-traves-del-programa-pais-mochila/882360/', 'Link', 'Ecologista y naturalista', 'Fácil', 1, 0, 0, '2021-06-06 15:36:27'),
(138, '¿Qué potenció y desarrolló como serie de actividades complementarias y extraescolares con los alumnos?', '', '', 'Política y docencia', 'Difícil', 5, 0, 0, '2018-01-16 08:30:10'),
(139, '¿En qué poema habla del fin del universo ?', '', '', 'Poesía', 'Fácil', 5, 0, 0, '2018-01-16 08:30:10'),
(140, '¿En qué país impartió clases de español José Antonio Labordeta para comenzar su carrera como Profesor Agregado en Secundaria?', '', '', 'Política y docencia', 'Difícil', 5, 0, 0, '2018-01-16 08:30:10'),
(141, '¿Qué lleva Labordeta con él durante su recorrido por las provincias de España?', '', '', 'Ecologista y naturalista', 'Fácil', 5, 0, 0, '2018-01-16 08:30:10'),
(142, '.Labordeta viajó a diferentes provincias encontrándose sitios asombrosos pero…¿Dónde está la estación abandonada de Serón que solo visita la nieve?', '', '', 'Ecologista y naturalista', 'Fácil', 5, 0, 0, '2018-01-16 08:30:10'),
(143, '¿A qué se dedicó después de dejar la enseñanza?', '', '', 'Política y docencia', 'Difícil', 5, 0, 0, '2018-01-16 08:30:10'),
(144, '¿Que características tenía el rostro de Labordeta?', '', '', 'Biografía', 'Fácil', 5, 0, 0, '2018-01-16 08:30:10'),
(145, '¿Cómo se titulaba el libro de sus memorias políticas?', '', '', 'Política y docencia', 'Difícil', 1, 0, 0, '2018-01-16 08:30:10'),
(146, '¿Qué bandera se utilizó para cubrir su féretro?', 'bandera_aragon.jpg', 'Imagen', 'Trascendencia', 'Fácil', 1, 0, 0, '2018-01-16 08:30:10'),
(147, '¿De qué habla el poema \"ACUÉRDATE\"?', '', '', 'Poesía', 'Fácil', 5, 0, 0, '2021-06-06 15:33:58'),
(148, '¿Qué profesión ejercía el padre de José Antonio Labordeta?', '', '', 'Política y docencia', 'Difícil', 5, 0, 0, '2018-01-16 08:30:10'),
(149, '¿Desde qué año estuvo afiliado al sindicato Comisiones Obreras?', '', '', 'Política y docencia', 'Difícil', 5, 0, 0, '2018-01-16 08:30:10'),
(150, '¿Aparte de ser los dos escritores, qué más fueron Félix Rodríguez de la Fuente y Labordeta?', '', '', 'Ecologista y naturalista', 'Fácil', 5, 0, 0, '2018-01-16 08:30:10'),
(151, '¿Quién narra y presenta Un País en la Mochila?', '', '', 'Ecologista y naturalista', 'Fácil', 5, 0, 0, '2018-01-16 08:30:10'),
(152, 'Ahora Labordeta está en Jaén, pero..¿dónde está justamente?', '( http://www.rtve.es/alacarta/videos/un-pais-en-la-mochila/pais-mochila-sierras-segura/462257/ ) ( desde 01:05 hasta 01:06)', 'Link', 'Ecologista y naturalista', 'Fácil', 5, 0, 0, '2018-01-16 08:30:10'),
(153, '¿Dónde es el nacimiento del río Tajo?', '', '', 'Ecologista y naturalista', 'Difícil', 5, 0, 0, '2018-01-16 08:30:10'),
(154, '¿En qué universidad estudió Jose Antonio Labordeta?', '', '', 'Política y docencia', 'Difícil', 5, 0, 0, '2018-01-16 08:30:10'),
(155, '¿Con quién fundo la revista Andalán?', '', '', 'Política y docencia', 'Difícil', 5, 0, 0, '2018-01-16 08:30:10'),
(156, '¿A quién le escribe los \"Tres cantos corporales\"?', '', '', 'Poesía', 'Fácil', 1, 0, 0, '2021-06-06 15:26:59'),
(157, '¿Cuántas temporadas tuvo esa serie?', '', '', 'Ecologista y naturalista', 'Fácil', 5, 0, 0, '2018-01-16 08:30:10'),
(158, '¿Aparte de compartir muchas profesiones, qué llegó a ser Labordeta y no Félix Rodríguez de la Fuente?', '', '', 'Ecologista y naturalista', 'Fácil', 5, 0, 0, '2018-01-16 08:30:10'),
(159, '¿En que año fue publicado en su blog el poema \"Cada tarde\"?', '', '', 'Poesía', 'Difícil', 5, 0, 0, '2021-06-06 15:34:56'),
(160, '¿ A qué ciudad fue destinado por primera vez José Antonio Labordeta para dar clase?', '', '', 'Política y docencia', 'Difícil', 5, 0, 0, '2018-01-16 08:30:10'),
(161, '¿De donde pertenece esta imagen?', 'comarca_de_la_vera.jpg', 'Imagen', 'Ecologista y naturalista', 'Fácil', 1, 0, 0, '2018-01-16 08:30:10'),
(162, '¿Cuál fue una de las grandes pasiones compartidas por Félix Rodríguez de la Fuente y Félix?', '', '', 'Ecologista y naturalista', 'Fácil', 5, 0, 0, '2018-01-16 08:30:10'),
(163, '¿Dónde esta situada la Sierra de Aracena?', '', '', 'Ecologista y naturalista', 'Difícil', 5, 0, 0, '2018-01-16 08:30:10'),
(164, '¿En qué estrofa del poema \"Cada tarde\" aparece el nombre de José Antonio?', '', '', 'Poesía', 'Fácil', 5, 0, 0, '2021-06-06 15:35:41'),
(165, '¿Cuándo fundó J. A. Labordeta, junto con Eloy Fernández Clemente, la revista cultural \"Andalán\"?', '', '', 'Política y docencia', 'Difícil', 5, 0, 0, '2021-06-06 15:33:29'),
(166, '¿Qué se tomo en el poema \"tarde estival\"?', '', '', 'Poesía', 'Fácil', 1, 0, 0, '2021-06-06 15:37:29'),
(167, '¿Dónde solicitó un lectorado?', '', '', 'Política y docencia', 'Difícil', 5, 0, 0, '2018-01-16 08:30:10'),
(168, '¿Qué dos días de la semana se emitían los episodios?', '', '', 'Ecologista y naturalista', 'Fácil', 5, 0, 0, '2018-01-16 08:30:10'),
(169, '¿ Por qué no quiere esta señora hablar?', '(http://www.rtve.es/alacarta/videos/un-pais-en-la-mochila/pais-mochila-maestrazgo-teruel/447369/ ) (desde 2:19 hasta 2:21)', 'Link', 'Ecologista y naturalista', 'Difícil', 5, 0, 0, '2018-01-16 08:30:10'),
(170, '¿A qué se dedico fundamentalmente el hermano de José Antonio Labordeta?', '', '', 'Política y docencia', 'Difícil', 5, 0, 0, '2018-01-16 08:30:10'),
(171, '¿A qué poema quería ponerle música y no pudo lograrlo?', '', '', 'Biografía', 'Fácil', 5, 0, 0, '2018-01-16 08:30:10'),
(172, '¿Qué tenían en común el programa de los dos?', '', '', 'Ecologista y naturalista', 'Fácil', 5, 0, 0, '2018-01-16 08:30:10'),
(173, '¿En qué fecha fue publicado el poema \"Sentado en el viejo sillón\"?', '', '', 'Poesía', 'Difícil', 5, 0, 0, '2021-06-06 15:35:54'),
(174, '¿En qué año fue rodada la primera temporada de la serie?', '', '', 'Ecologista y naturalista', 'Fácil', 5, 0, 0, '2018-01-16 08:30:10'),
(175, '¿Cuál es el nombre de la iglesia de Peralejo adonde fue Labordeta?', '', '', 'Ecologista y naturalista', 'Difícil', 5, 0, 0, '2018-01-16 08:30:10'),
(176, '¿ A qué segunda ciudad fue destinado J. A. Labordeta para impartir clase?', '', '', 'Política y docencia', 'Difícil', 5, 0, 0, '2018-01-16 08:30:10'),
(177, '¿Cuál es la extensión del poema “5 de mayo”?', '', '', 'Poesía', 'Difícil', 1, 0, 0, '2018-01-16 08:30:10'),
(178, '¿De qué están hechas las casas de la Vera de Cáceres?', 'casa-tipica-de-villanueva-de-la-vera-caceres.jpg', 'Imagen', 'Ecologista y naturalista', 'Difícil', 1, 0, 0, '2018-01-16 08:30:10'),
(179, '¿Cuántos años era mayor Félix Rodríguez de la Fuente que Labordeta?', '', '', 'Ecologista y naturalista', 'Fácil', 5, 0, 0, '2018-01-16 08:30:10'),
(180, '¿Qué acabó con Labordeta?', '', '', 'Biografía', 'Fácil', 5, 0, 0, '2018-01-16 08:30:10'),
(181, '¿Qué libro de poemas publicó en 1959?', '', '', 'Poesía', 'Difícil', 5, 0, 0, '2018-01-16 08:30:10'),
(182, '¿En qué debate Labordeta mandó a la mierda a los diputados del PP?', 'https://www.youtube.com/watch?v=RGB71U4E1Rk', 'Link', 'Política y docencia', 'Difícil', 1, 0, 0, '2018-01-16 08:30:10'),
(183, '¿En qué año publicó su primer poemario?', '', '', 'Poesía', 'Fácil', 5, 0, 0, '2018-01-16 08:30:10'),
(184, '¿A quién nombra en el poema \"TE HE VISTO ENVEJECER\"?', '', '', 'Biografía', 'Fácil', 5, 0, 0, '2021-06-06 15:27:07'),
(185, '¿En qué se parecían mucho Félix Rodríguez de la Fuente y Labordeta?', '', '', 'Ecologista y naturalista', 'Fácil', 5, 0, 0, '2018-01-16 08:30:10'),
(186, '¿Cuántos años hacía que había muerto Félix Rodríguez de la Fuente cuando murió Labordeta?', '', '', 'Ecologista y naturalista', 'Fácil', 5, 0, 1, '2018-02-27 14:23:24'),
(187, '¿Cuántos años antes se casó Labordeta que Félix Rodríguez de la Fuente?', '', '', 'Ecologista y naturalista', 'Difícil', 5, 0, 0, '2018-01-16 08:30:10'),
(188, '¿Qué dijo Labordeta que era Félix Rodríguez de la Fuente, en este vídeo?', 'http://www.rtve.es/alacarta/videos/la-huella-de-felix/huella-felix-jose-antonio-labordeta/746748/', 'Link', 'Ecologista y naturalista', 'Difícil', 5, 0, 0, '2018-01-16 08:30:10'),
(189, 'Según Labordeta, ¿qué hizo Félix Rodríguez de la Fuente?', 'http://www.rtve.es/alacarta/videos/la-huella-de-felix/huella-felix-jose-antonio-labordeta/746748/', 'Link', 'Ecologista y naturalista', 'Difícil', 5, 0, 0, '2018-01-16 08:30:10'),
(190, 'Según Labordeta, ¿qué era lo que le hacía especial a Félix Rodríguez de la Fuente?', 'http://www.rtve.es/alacarta/videos/la-huella-de-felix/huella-felix-jose-antonio-labordeta/746748/', 'Link', 'Ecologista y naturalista', 'Difícil', 5, 0, 0, '2018-01-16 08:30:10'),
(191, '¿Cuál es la escena que más impresionó a Labordeta en el programa de Félix Rodríguez de la Fuente?', ' http://www.rtve.es/alacarta/videos/la-huella-de-felix/huella-felix-jose-antonio-labordeta/746748/', 'Link', 'Ecologista y naturalista', 'Difícil', 5, 0, 0, '2018-01-16 08:30:10'),
(192, 'Según Labordeta, ¿la escena de los lobos, rodada por Félix Rodríguez de la Fuente, qué le produce?', ' http://www.rtve.es/alacarta/videos/la-huella-de-felix/huella-felix-jose-antonio-labordeta/746748/', 'Link', 'Ecologista y naturalista', 'Difícil', 5, 0, 0, '2018-01-16 08:30:10'),
(193, 'Según Labordeta,¿qué le faltaba a España hacia los animales?', 'http://www.rtve.es/alacarta/videos/la-huella-de-felix/huella-felix-jose-antonio-labordeta/746748/', 'Link', 'Ecologista y naturalista', 'Difícil', 5, 0, 0, '2018-01-16 08:30:10'),
(194, '¿En qué aniversario de su desaparición se presentó el concierto “Canto a la Libertad”?', '', '', 'Trascendencia', 'Fácil', 1, 0, 0, '2018-01-16 08:30:10'),
(195, '¿Qué periódico con su artículo tras la muerte de Labordeta fue el que causó indignación en todo Internet?', '', '', 'Trascendencia', 'Difícil', 5, 0, 0, '2018-01-16 08:30:10'),
(196, '¿Por quiénes fue realizado este homenaje?', 'https://www.youtube.com/watch?v=mKPojKCZuKw\r\n', 'Link', 'Trascendencia', 'Fácil', 5, 0, 0, '2018-01-16 08:30:10'),
(197, '¿En qué año falleció el cantautor?', '', '', 'Trascendencia', 'Fácil', 5, 0, 0, '2018-01-16 08:30:10'),
(198, '-El \"I Congreso José Antonio Labordeta de Política, Comunicación y Periodismo\", organizado por su Fundación, se celebró en...', '', '', 'Trascendencia', 'Difícil', 1, 0, 0, '2021-06-06 15:26:31'),
(199, '¿Cuál es la duración del \"Canto a la Libertad\"?', '', '', 'Trascendencia', 'Difícil', 1, 0, 0, '2021-06-06 15:33:12'),
(200, '¿De qué album es la canción \"Somos\"?', 'https://www.youtube.com/watch?v=tXRwaIopJIE', 'Link', 'Trascendencia', 'Difícil', 1, 0, 0, '2021-06-06 15:33:36'),
(201, '¿Cómo se llama el libro de Labordeta al que le hizo el prólogo Federico Jiménez Losantos?', '', '', 'Trascendencia', 'Difícil', 5, 0, 0, '2018-01-16 08:30:10'),
(202, '¿Cuáles eran las palabras más casuales de sus admiradores al despedirse de Labordeta?', '', '', 'Trascendencia', 'Difícil', 5, 0, 0, '2018-01-16 08:30:10'),
(203, 'Vamos a ver que pregunta en este video', '( http://www.rtve.es/alacarta/videos/un-pais-en-la-mochila/pais-mochila-sierras-segura/462257/ ) ( desde 04:28 hasta 04:31)', 'Link', 'Ecologista y naturalista', 'Difícil', 5, 0, 0, '2018-01-16 08:30:10'),
(204, '¿Por qué hizo Labordeta este programa?', '(http://www.rtve.es/alacarta/videos/un-pais-en-la-mochila/pais-mochila-campo-calatrava/459439/ ) ( desde 00:00 hasta 00:45)', 'Link', 'Ecologista y naturalista', 'Difícil', 5, 0, 0, '2018-01-16 08:30:10'),
(205, '.¿Qué llevaba siempre Labordeta?', '', '', 'Ecologista y naturalista', 'Difícil', 5, 0, 0, '2018-01-16 08:30:10'),
(206, '¿Quien bordaba en esta escena?', '(http://www.rtve.es/alacarta/videos/un-pais-en-la-mochila/pais-mochila-campo-calatrava/459439/ ) (desde 25:40 hasta 25:42)', 'Link', 'Ecologista y naturalista', 'Difícil', 5, 0, 0, '2018-01-16 08:30:10'),
(207, '¿Cuando atardece en Montoro?', '(http://www.rtve.es/alacarta/videos/un-pais-en-la-mochila/pais-mochila-maestrazgo-teruel/447369/ ) (DESDE 02:04 hasta 02:05)', 'Link', 'Ecologista y naturalista', 'Difícil', 5, 0, 0, '2018-01-16 08:30:10'),
(208, '¿En qué mes nació Labordeta?', '', '', 'Biografía', 'Difícil', 5, 0, 0, '2018-01-16 08:30:10'),
(209, '¿De qué Junta fue diputado en el Congreso?', '', '', 'Biografía', 'Fácil', 5, 0, 0, '2018-01-16 08:30:10'),
(210, '¿De qué comunidad autónoma era natural Labordeta?', '', '', 'Biografía', 'Fácil', 5, 0, 0, '2018-01-16 08:30:10'),
(211, '¿En qué año fallece Labordeta?', '', '', 'Biografía', 'Fácil', 5, 0, 0, '2018-01-16 08:30:10'),
(212, '¿Cuántas hijas tuvo José Antonio Labordeta?', '', '', 'Biografía', 'Fácil', 5, 0, 0, '2018-01-16 08:30:10'),
(213, '¿En qué fecha pasó José Antonio Labordeta por la Comunidad de Madrid en la serie?', '', '', 'Ecologista y naturalista', 'Difícil', 5, 0, 0, '2018-01-16 08:30:10'),
(214, '¿Qué título, localización, fecha y año tiene la serie número 14 de la primera temporada?', '', '', 'Ecologista y naturalista', 'Difícil', 5, 0, 0, '2018-01-16 08:30:10'),
(215, '¿En que año nació Antonio José Labordeta?', '', '', 'Biografía', 'Fácil', 5, 0, 0, '2018-01-16 08:30:10'),
(216, '¿En que año murió Antonio Jose Labordeta?', '', '', 'Biografía', 'Fácil', 5, 0, 0, '2018-01-16 08:30:10'),
(217, '¿En que año se publico su primer disco de larga duración?', '', '', 'Biografía', 'Fácil', 5, 0, 0, '2018-01-16 08:30:10'),
(218, '¿En que año publico su primer álbum “Cantar y callar”?', '', '', 'Biografía', 'Fácil', 5, 0, 0, '2018-01-16 08:30:10'),
(219, '¿En qué fecha decidió retirarse de los grandes conciertos?', '', '', 'Biografía', 'Difícil', 1, 0, 0, '2018-01-16 08:30:10'),
(220, '¿En que año José Antonio Labordeta ya no se presentó como número uno por Chunta Aragonesista?', '', '', 'Biografía', 'Difícil', 5, 0, 0, '2018-01-16 08:30:10'),
(221, '¿Que enfermedad le diagnosticaron a José Antonio Labordeta?', '', '', 'Biografía', 'Difícil', 5, 0, 0, '2018-01-16 08:30:10'),
(222, '¿Qué recibió el 6 de septiembre de 2010, de manos de los ministros Carme Chacón y Ángel Gabilondo?', '', '', 'Biografía', 'Difícil', 1, 0, 0, '2018-01-16 08:30:10'),
(223, '¿Donde le realizaron un homenaje sus amigos y compañeros de profesión?', '', '', 'Biografía', 'Difícil', 5, 0, 0, '2018-01-16 08:30:10'),
(224, '¿En que año fue fundador?', '', '', 'Biografía', 'Difícil', 5, 0, 0, '2018-01-16 08:30:10'),
(225, '¿Cómo podemos viajar de Córdoba a Zaragoza más rápido para visitar la Fundación J.A. Labordeta?', '', '', 'Biografía', 'Fácil', 1, 0, 0, '2018-01-16 08:30:10'),
(226, '¿Cuando falleció José Antonio Labordeta?', '', '', 'Biografía', 'Fácil', 5, 0, 0, '2018-01-16 08:30:10'),
(227, '¿A que edad falleció?', '', '', 'Biografía', 'Fácil', 5, 0, 0, '2018-01-16 08:30:10'),
(228, '¿En que año se produjo el ultimo acto publico?', '', '', 'Biografía', 'Difícil', 5, 0, 0, '2018-01-16 08:30:10'),
(229, '¿En qué mes le dijo el hombre mayor a Labordeta que se recogían las olivas de Murcia?', '', '', 'Ecologista y naturalista', 'Difícil', 5, 0, 0, '2018-01-16 08:30:10'),
(230, '¿Cuántos kilos de melocotones le dijo el hombre que recogía aproximadamente?', '', '', 'Ecologista y naturalista', 'Difícil', 5, 0, 0, '2018-01-16 08:30:10'),
(231, '¿Qué recuerdo le viene a Labordeta cuando va a la isla del Hierro?', '', '', 'Ecologista y naturalista', 'Difícil', 5, 0, 0, '2018-01-16 08:30:10'),
(232, '¿De qué edad fue el niño enterrado en Balleranrei sin cantar?', '', '', 'Ecologista y naturalista', 'Fácil', 5, 0, 0, '2018-01-16 08:30:10'),
(233, '¿Cómo se llamaba el padre del niño que falleció cuando se cayó, mientras llevaba las cabras en Canarias?', '', '', 'Ecologista y naturalista', 'Difícil', 5, 0, 0, '2018-01-16 08:30:10'),
(234, '¿Qué personaje histórico dice Labordeta que, según los lugareños, vivió en la Gomera?', '', '', 'Ecologista y naturalista', 'Difícil', 5, 0, 0, '2018-01-16 08:30:10'),
(235, '¿Qué instrumento utilizan los gomeros para desplazarse por el valle?', '', '', 'Ecologista y naturalista', 'Difícil', 5, 0, 0, '2018-01-16 08:30:10'),
(236, '¿A qué Parque Natural fue Labordeta cuando estuvo en la Gomera?', '', '', 'Ecologista y naturalista', 'Fácil', 5, 0, 0, '2018-01-16 08:30:10'),
(237, '¿Qué hacía José Antonio en cada programa?', '', '', 'Ecologista y naturalista', 'Difícil', 5, 0, 0, '2018-01-16 08:30:10'),
(238, '¿En qué cadena de televisión se podía ver la serie?', '', '', 'Ecologista y naturalista', 'Difícil', 5, 0, 0, '2018-01-16 08:30:10'),
(239, '¿Qué duración tiene cada episodio?', '', '', 'Ecologista y naturalista', 'Difícil', 5, 0, 0, '2018-01-16 08:30:10'),
(240, '¿Cuál fue la canción más internacional de Labordeta?', '', '', 'Canciones', 'Fácil', 1, 0, 0, '2018-01-16 08:30:10'),
(241, '¿Qué poema se escucha en este video?', 'https://www.youtube.com/watch?v=mfrk7jjJyUI', 'Link', 'Poesía', 'Difícil', 1, 0, 0, '2018-01-16 08:30:10'),
(242, '¿En qué álbum se publicó la canción \"Canto a la Libertad\"?', '', '', 'Canciones', 'Fácil', 1, 0, 0, '2021-06-06 15:34:45'),
(243, '¿Su primer libro poético sucede en...?', '', '', 'Poesía', 'Difícil', 5, 0, 0, '2018-01-16 08:30:10'),
(244, '¿En qué año se publicó el álbum Tú y yo y los demás?', '', '', 'Canciones', 'Fácil', 5, 0, 0, '2018-01-16 08:30:10'),
(245, '¿El libro más decisivo de su trayectoria poética es?', '', '', 'Poesía', 'Difícil', 1, 0, 0, '2018-01-16 08:30:10'),
(246, '¿En qué año se publicó el primer disco de Labordta?', '', '', 'Canciones', 'Fácil', 5, 0, 0, '2018-01-16 08:30:10'),
(247, '¿Cuál de estas canciones fue dedicada a su madre?', '', '', 'Canciones', 'Fácil', 1, 0, 0, '2018-01-16 08:30:10'),
(248, '¿De que habla el poema \"25 de julio\"?', '', '', 'Poesía', 'Fácil', 5, 0, 0, '2021-06-06 15:33:48'),
(249, '¿Con qué actitud escribía Labordeta sus canciones a mediados de su carrera?', '', '', 'Canciones', 'Fácil', 1, 0, 0, '2018-01-16 08:30:10'),
(250, '¿Qué poema suyo se convirtió en canción tras su muerte?', '', '', 'Canciones', 'Fácil', 1, 0, 0, '2018-01-16 08:30:10'),
(251, '¿Cuál es la canción en la cual José Antonio hace un repaso a su vida desde la juventud hasta su madurez?', '', '', 'Canciones', 'Fácil', 5, 0, 0, '2018-01-16 08:30:10'),
(252, '¿En qué año publicó su primer poemario?', '', '', 'Poesía', 'Difícil', 1, 0, 0, '2018-01-16 08:30:10'),
(253, 'Señala en qué canción (o canciones) hace balance vital Labordeta.', '', '', 'Canciones', 'Fácil', 5, 0, 0, '2018-01-16 08:30:10'),
(254, '¿Qué numero tiene el poema \"El tiempo difícil\"?', '', '', 'Poesía', 'Difícil', 5, 0, 0, '2021-06-06 15:37:17'),
(255, '¿En qué año se publicó la canción que Labordeta dedicó a su madre, y que se titula \"La vieja\"?', '', '', 'Canciones', 'Fácil', 5, 0, 1, '2021-06-06 15:35:11'),
(256, 'En su poema \"Un mes inútil\", de qué mes habla?', '', '', 'Poesía', 'Difícil', 5, 0, 1, '2021-06-06 15:38:47'),
(257, '¿Quién le puso música al poema-canción “Nadie”, en 2015?', '', '', 'Canciones', 'Difícil', 5, 0, 0, '2018-01-16 08:30:10'),
(258, '¿Cuándo se retiró Labordeta de la faceta de cantautor?', '', '', 'Canciones', 'Difícil', 5, 0, 0, '2018-01-16 08:30:10'),
(259, '¿Qué canción canta Joaquín Carbonell en este vídeo?', 'https://www.youtube.com/watch?v=Lz3q-gMTBZs', 'Link', 'Canciones', 'Difícil', 1, 0, 0, '2018-01-16 08:30:10'),
(260, '¿Qué poema lee esta mujer?', 'https://www.youtube.com/watch?v=TzJtdX2Vy9o', 'Link', 'Poesía', 'Difícil', 1, 0, 0, '2018-01-16 08:30:10'),
(261, '¿Con qué canción quería Labordeta que se le recordase en un futuro?', '', '', 'Canciones', 'Difícil', 5, 0, 0, '2018-01-16 08:30:10'),
(262, 'Di qué canción expresa más el sufrimiento de Labordeta en los pocos meses que le quedaban de vida:', '', '', 'Canciones', 'Difícil', 5, 0, 0, '2018-01-16 08:30:10'),
(263, '¿Cuál ha sido la profesión de la mujer de José Antonio?', '', '', 'Biografía', 'Fácil', 5, 0, 0, '2018-01-16 08:30:10'),
(264, '¿Qué relación unió a Jiménez Losantos con José Antonio?', '', '', 'Biografía', 'Difícil', 5, 0, 0, '2018-01-16 08:30:10'),
(265, '¿En qué año se publicó el CD del concierto-homenaje a Labordeta, en Zaragoza?', '', '', 'Trascendencia', 'Fácil', 5, 0, 0, '2018-01-16 08:30:10'),
(266, '¿Qué se conmemoró el mismo día del concierto-homenaje en Zaragoza?', '', '', 'Trascendencia', 'Difícil', 5, 0, 0, '2018-01-16 08:30:10'),
(267, '¿Qué canción le habría gustado a Labordeta que fuera el himno de Aragón?', '', '', 'Canciones', 'Difícil', 5, 0, 1, '2018-02-27 14:23:48'),
(268, '¿Cómo se titula su último libro de memorias?', '', '', 'Biografía', 'Difícil', 5, 0, 0, '2018-01-16 08:30:10'),
(269, '¿Qué libro recoge sus vivencias en el Congreso?', '', '', 'Política y docencia', 'Difícil', 5, 0, 0, '2018-01-16 08:30:10'),
(270, '¿Cómo se llama su primer libro poético?', '', '', 'Biografía', 'Fácil', 5, 0, 0, '2018-01-16 08:30:10'),
(271, '¿Cúal fue su último poemario?', 'https://es.wikipedia.org/wiki/Jos%C3%A9_Antonio_Labordeta', 'Link', 'Biografía', 'Fácil', 5, 0, 0, '2018-01-16 08:30:10'),
(272, '¿Cuándo publicó la antología \'Poemas y canciones\'?', '', '', 'Biografía', 'Difícil', 5, 0, 0, '2021-06-06 15:48:35'),
(273, '¿Cuándo público su libro Aragón en la mochila?', '', '', 'Biografía', 'Difícil', 5, 0, 0, '2018-01-16 08:30:10'),
(274, '¿Cómo podemos viajar de Córdoba a Zaragoza más rápido para visitar la Fundación J.A. Labordeta?', '', '', 'Biografía', 'Fácil', 1, 0, 0, '2018-01-16 08:30:10'),
(275, '.¿Como se llaman sus hijas?', '', '', 'Biografía', 'Fácil', 5, 0, 0, '2018-01-16 08:30:10'),
(276, '¿En que participo en 1976?', '', '', 'Biografía', 'Fácil', 5, 0, 0, '2018-01-16 08:30:10'),
(277, '¿Cómo se llaman sus padres?', '', '', 'Biografía', 'Fácil', 5, 0, 0, '2018-01-16 08:30:10'),
(278, '¿Para que abandonó la docencia?', '', '', 'Biografía', 'Fácil', 5, 0, 0, '2018-01-16 08:30:10'),
(279, '¿De qué murió su hermano Miguel Labordeta?', '', '', 'Biografía', 'Fácil', 5, 0, 0, '2018-01-16 08:30:10'),
(280, '¿Qué edad tenia cuando murió?', '', '', 'Biografía', 'Difícil', 5, 0, 0, '2018-01-16 08:30:10'),
(281, '¿Que hizo Labordeta en Francia?', '', '', 'Biografía', 'Fácil', 5, 0, 0, '2018-01-16 08:30:10'),
(282, '¿En qué año dio su ultimo recital?', '', '', 'Biografía', 'Difícil', 5, 0, 0, '2018-01-16 08:30:10'),
(283, '¿Qué hizo en 1995', '', '', 'Biografía', 'Fácil', 5, 0, 0, '2018-01-16 08:30:10'),
(284, '¿Que hizo Labordeta en Aix-en-Provence?', '', '', 'Biografía', 'Difícil', 5, 0, 0, '2018-01-16 08:30:10'),
(285, '¿En qué año saco Mitologías de mamá?', '', '', 'Biografía', 'Difícil', 5, 0, 0, '2018-01-16 08:30:10'),
(286, '¿Cómo se llama la obra literaria que sacó en 2004?', '', '', 'Biografía', 'Difícil', 1, 0, 0, '2018-01-16 08:30:10'),
(287, '¿En qué año publicó “Con la voz acuestas”?', '', '', 'Biografía', 'Difícil', 1, 0, 0, '2018-01-16 08:30:10'),
(288, '¿En qué año presentó su opinión a la Cámara Baja en la formación de Unidad Socialista?', '', '', 'Biografía', 'Difícil', 1, 0, 0, '2018-01-16 08:30:10'),
(289, '¿En 1989 volvió a la política para aparecer en...?', '', '', 'Biografía', 'Difícil', 1, 0, 0, '2018-01-16 08:30:10'),
(290, '¿Dónde dijo Labordeta la famosa frase: “Yo voy con el puño cerrado, gilipollas”? https://www.youtube.com/watch?v=APoGWCxOCVY', '', '', 'Política y docencia', 'Fácil', 1, 0, 0, '2018-01-16 08:30:10'),
(291, '¿Con quién está comprometido Labordeta desde siempre?', '', '', 'Política y docencia', 'Fácil', 1, 0, 0, '2018-01-16 08:30:10'),
(292, '¿Qué faceta política desempeñó en 1977?', '', '', 'Política y docencia', 'Difícil', 1, 0, 0, '2018-01-16 08:30:10'),
(293, '¿De qué colegio fue Jefe de Estudios Labordeta?', '', '', 'Política y docencia', 'Difícil', 1, 0, 0, '2018-01-16 08:30:10'),
(294, '¿En qué año se presentó como candidato independiente al Congreso por el Partido Comunista de España?', '', '', 'Política y docencia', 'Difícil', 1, 0, 0, '2018-01-16 08:30:10'),
(295, '¿En qué años dirigió la revista \"Orejudín\"?', '', '', 'Política y docencia', 'Difícil', 1, 0, 0, '2021-06-06 15:35:28'),
(296, '¿En qué año fue candidato de IU al Senado por Zaragoza?', '', '', 'Política y docencia', 'Difícil', 1, 0, 0, '2018-01-16 08:30:10'),
(297, '¿A quién conoce Labordeta cuando trabaja como Jefe de Estudios en el Colegio Menor San Pablo?', '', '', 'Política y docencia', 'Difícil', 1, 0, 0, '2018-01-16 08:30:10'),
(298, '¿En qué año José Antonio Labordeta no se presentó como número uno por la Chunta Aragonesista?', '', '', 'Política y docencia', 'Difícil', 1, 0, 0, '2018-01-16 08:30:10'),
(300, '¿Cómo fue el trato que recibió en el parlamento español?', '', '', 'Biografía', 'Fácil', 1, 0, 0, '2018-01-16 08:30:10'),
(301, 'Desde joven, ¿de qué lado político se sintió él identificado?', '', '', 'Biografía', 'Difícil', 1, 0, 0, '2018-01-16 08:30:10'),
(302, '¿De qué poema se han hecho dos versiones musicales \"tras su muerte\"?', '', '', 'Canciones', 'Difícil', 5, 0, 0, '2021-06-06 15:34:18'),
(303, '¿Quién convirtió primero en canción su último poema\"', '', '', 'Canciones', 'Difícil', 5, 0, 0, '2021-06-06 15:38:39'),
(304, '¿Qué docente ha musicado el poema \"Nadie\" de J.A. Labordeta?', '', '', 'Biografía', 'Difícil', 5, 0, 0, '2021-06-06 15:37:03'),
(305, '¿Cómo tituló el capítulo de \"Un país...\" dedicado a Murcia?', '', '', 'Ecologista y naturalista', 'Difícil', 5, 0, 0, '2021-06-06 15:32:35'),
(306, '¿Qué instituto ha dedicado un Homenaje a J.A. Labordeta en el quinto aniversario de su fallecimiento?', '', '', 'Trascendencia', 'Fácil', 5, 0, 0, '2018-01-16 08:30:10'),
(307, '¿Cómo se denomina el Homenaje a Labordeta en nuestro instituto?', '', '', 'Trascendencia', 'Fácil', 5, 0, 0, '2018-01-16 08:30:10'),
(308, '¿Cómo se llama el discofórum que ha preparado el alumnado de Diversificación en el IES Gran Capitán?', '', '', 'Trascendencia', 'Difícil', 5, 0, 0, '2021-06-06 15:32:07'),
(309, '¿Cómo se llama el Festival del Homenaje a Labordeta en el IES Gran Capitán?', '', '', 'Trascendencia', 'Difícil', 5, 0, 1, '2018-02-27 13:34:21'),
(310, '¿Cómo terminan todos los actos de Homenaje a Labordeta en el IES Gran Capitán?', '', '', 'Trascendencia', 'Fácil', 5, 0, 0, '2018-01-16 08:30:10'),
(311, '¿Qué tipo de homenaje es el que el IES Gran Capitán está realizando a Labordeta este curso?', '', '', 'Trascendencia', 'Difícil', 5, 0, 0, '2018-01-16 08:30:10'),
(312, '¿Qué canción se interpreta entre los minutos 15\'50\'\' y 19\'06\'\' del siguiente vídeo?', 'https://www.youtube.com/watch?v=9PrIHFyxQZY', 'Link', 'Trascendencia', 'Difícil', 5, 0, 0, '2018-01-16 08:30:10'),
(313, '¿Quién canta la canción \"Guárdate\" y \"La vieja\" en este vídeo?', 'https://www.youtube.com/watch?v=9PrIHFyxQZY', 'Link', 'Trascendencia', 'Difícil', 5, 0, 0, '2021-06-06 15:37:48'),
(314, '¿Qué cantautor extremeño participó en el Concierto-Homenaje de 2014, en Zaragoza?', 'https://www.youtube.com/watch?v=9PrIHFyxQZY', 'Link', 'Trascendencia', 'Difícil', 5, 0, 0, '2021-06-06 15:36:49'),
(315, '¿Qué instrumento toca Pablo Carbonell en el Concierto-Homenaje de 2014, en Zaragoza?', 'https://www.youtube.com/watch?v=9PrIHFyxQZY', 'Link', 'Trascendencia', 'Fácil', 5, 0, 0, '2018-01-16 08:30:10'),
(316, '¿Quién es este cantautor, amigo de J.A. Labordeta?', 'http://www.cancioneros.com/fotos/ep002775_1.jpg', 'Link', 'Canciones', 'Difícil', 5, 0, 0, '2018-01-16 08:30:10'),
(317, '¿Qué grupo musical formó este trío?', 'https://www.google.es/search?q=la+bullonera&biw=1242&bih=619&source=lnms&tbm=isch&sa=X&sqi=2&ved=0ahUKEwj2kfb0w6nLAhWmCpoKHXj8BJYQ_AUICSgE#imgrc=_4zX2spapH9HcM%3A', 'Link', 'Canciones', 'Difícil', 5, 0, 0, '2018-01-16 08:30:10'),
(318, '¿Qué disco grabó este trío?', 'https://www.google.es/search?q=la+bullonera&biw=1242&bih=619&source=lnms&tbm=isch&sa=X&sqi=2&ved=0ahUKEwj2kfb0w6nLAhWmCpoKHXj8BJYQ_AUICSgE#imgrc=_4zX2spapH9HcM%3A', 'Link', 'Biografía', 'Difícil', 5, 0, 0, '2018-01-16 08:30:10'),
(319, '¿Cómo se titula el libro que le han dedicado en 2015?', '', '', 'Trascendencia', 'Fácil', 5, 0, 0, '2018-01-16 08:30:10'),
(320, '¿En esta imagen de que trata el poema ?', ' https://anaan.files.wordpress.com/2010/09/jose-antonio-labordeta-ya-ves.jpg', 'Link', 'Poesía', 'Fácil', 5, 0, 1, '2018-02-27 13:56:29'),
(321, '¿ El poema \"La vieja foto\" en que sitio esta?', '', '', 'Poesía', 'Difícil', 5, 0, 0, '2021-06-06 15:26:47'),
(322, '¿ En esta imagen de su libro de poesías en que año se publico?', 'http://cloud1.todocoleccion.net/libros-segunda-mano/tc/2008/10/17/10348244.jpg', 'Link', 'Poesía', 'Difícil', 5, 0, 0, '2018-01-16 08:30:10'),
(323, '¿ En este documental de poesia y homenaje a labordeta de su familia quien es la que sale ?', 'https://www.youtube.com/watch?v=OhOrH5QmIMc', 'Link', 'Poesía', 'Fácil', 5, 0, 0, '2018-01-16 08:30:10'),
(324, '¿ En sexto recuerdo de vicente cazcarra que le pasa al amigo ?', ' http://www.poemas-del-alma.com/jose-antonio-labordeta-sexto-recuerdo.htm#ixzz42FVR5meW', 'Link', 'Poesía', 'Difícil', 5, 0, 0, '2018-01-16 08:30:10'),
(326, '¿ En el poema DOMINGO DECEMBRINO donde se apuesta?', '', '', 'Poesía', 'Difícil', 5, 0, 0, '2018-01-16 08:30:10'),
(327, '¿ En el poema VI EN EL JARDÍN DE LA MEMORIA a quien va ?', ' http://www.portaldepoesia.com/Biblioteca/J_A_Labordeta_Poemas.htm#TE', 'Link', 'Poesía', 'Fácil', 5, 0, 0, '2018-01-16 08:30:10'),
(328, 'fasdadad', 'ag00526_1.gif', 'Imagen', 'Ecologista y naturalista', 'Difícil', 1, 0, 0, '2018-01-16 08:30:10'),
(329, 'Juego', '', '', 'Ecologista y naturalista', 'Difícil', 3, 0, 0, '2018-02-12 04:41:02'),
(330, '¿Qué río pasa por Sevilla?', '', '', 'Ríos', 'Fácil', 1, 0, 0, '2018-03-08 09:56:44'),
(331, '¿En qué país podemos encontrar el rio Ganges?', '', '', 'Ríos', 'Difícil', 7, 0, 1, '2018-03-01 06:45:33'),
(332, 'Si estamos en las cordilleras de Atlas, ¿en qué país estamos?', '', '', 'Cordilleras', 'Difícil', 7, 0, 0, '2018-03-01 06:35:54'),
(333, '¿De qué país es esta bandera?', 'https://upload.wikimedia.org/wikipedia/commons/thumb/0/06/Flag_of_Zambia.svg/1200px-Flag_of_Zambia.svg.png', 'Link', 'Países', 'Difícil', 6, 0, 0, '2018-03-01 06:36:09'),
(334, '¿De donde es ésta bandera?', 'banderachipre.png', 'Imagen', 'Países', 'Difícil', 7, 0, 0, '2018-03-01 06:37:57'),
(335, '¿Cuál es el río más largo de la India?', 'https://photo980x880.mnstatic.com/76433d38a63faffcdafa50aa9371b486/el-rio-indo-en-la-region-de-ladakh_685262.jpg', 'Link', 'Ríos', 'Difícil', 10, 0, 0, '2018-03-01 06:38:44'),
(336, 'Pregunta 1', '', '', 'Brujas', 'Difícil', 3, 0, 0, '2019-12-20 12:42:09'),
(337, 'pregunta 2', '', '', 'Burdeos', 'Difícil', 3, 0, 0, '2019-12-20 12:42:31'),
(338, 'respuesta 1', '', '', 'Edimburgo', 'Difícil', 3, 0, 0, '2019-12-20 12:42:44'),
(339, 'respuesta4', '', '', 'Estambúl', 'Difícil', 3, 0, 0, '2019-12-20 12:43:07'),
(340, 'adgasdgasdg', '', '', 'Florencia', 'Difícil', 3, 0, 0, '2019-12-20 12:43:24'),
(341, '¿Dónde tuvo lugar la siguiente foto?', '81lhaJG8mlL._SL1500_.jpg', 'Imagen', 'San Petesburgo', 'Difícil', 1, 0, 0, '2019-12-20 13:15:28');

-- --------------------------------------------------------

--
-- Estructura de tabla para la tabla `respuestas`
--

CREATE TABLE `respuestas` (
  `id` int(11) NOT NULL,
  `respuesta` varchar(250) COLLATE utf8_spanish_ci NOT NULL,
  `idPregunta` int(11) NOT NULL,
  `valida` tinyint(1) NOT NULL,
  `trash` tinyint(1) NOT NULL DEFAULT 0
) ENGINE=InnoDB DEFAULT CHARSET=utf8 COLLATE=utf8_spanish_ci;

--
-- Volcado de datos para la tabla `respuestas`
--

INSERT INTO `respuestas` (`id`, `respuesta`, `idPregunta`, `valida`, `trash`) VALUES
(26, '2017', 7, 1, 0),
(27, '1940', 7, 0, 0),
(28, '1942', 7, 0, 0),
(29, '1933', 7, 0, 0),
(30, 'Es profesora', 8, 0, 0),
(31, 'Es pintora', 8, 0, 0),
(32, 'Es actriz', 8, 1, 0),
(33, 'Es poeta', 8, 0, 0),
(34, 'Laura, Juana, María', 9, 1, 0),
(35, 'Luisa, Josefina, Ana', 9, 0, 0),
(36, 'Ana, Ángela, Paula', 9, 0, 0),
(37, 'Paula, Elena, Rocío', 9, 0, 0),
(38, 'Relatos y cuentos', 10, 1, 0),
(39, 'Obras de teatro', 10, 0, 0),
(40, 'Poemas', 10, 0, 0),
(41, 'Biografías', 10, 0, 0),
(42, 'Dirige la Fundación', 11, 1, 0),
(43, 'Es directora de cine', 11, 0, 0),
(44, 'Es actriz', 11, 0, 0),
(45, 'Dirige una revista', 11, 0, 0),
(46, 'Zaragoza', 12, 1, 0),
(47, 'Teruel', 12, 0, 0),
(48, 'Logroño', 12, 0, 0),
(49, 'Huesca', 12, 0, 0),
(50, '20 de septiembre de 2015', 13, 0, 0),
(51, '19 de septiembre de 2015', 13, 1, 0),
(52, '18 de septiembre de 2015', 13, 0, 0),
(53, '21 de septiembre de 2015', 13, 0, 0),
(54, '2014', 14, 0, 0),
(55, '2018', 14, 0, 0),
(56, '2017', 14, 1, 0),
(57, '2016', 14, 0, 0),
(58, '80', 15, 0, 0),
(59, '75', 15, 1, 0),
(60, '69', 15, 0, 0),
(61, '77', 15, 0, 0),
(62, 'Zaragoza', 16, 0, 0),
(63, 'Valladolid', 16, 0, 0),
(64, 'Teruel', 16, 1, 0),
(65, 'Pamplona', 16, 0, 0),
(66, 'Canto a la libertad', 17, 0, 0),
(67, 'Caminaremos', 17, 0, 0),
(68, 'Somos', 17, 0, 0),
(69, 'Todos', 17, 1, 0),
(70, 'Una mala influencia.', 18, 0, 0),
(71, 'El mejor politico de la historia de Aragón.', 18, 0, 0),
(72, 'Una viva imagen de Aragón.', 18, 1, 0),
(73, 'El mejor cantautor de España.', 18, 0, 0),
(74, '2011', 19, 1, 0),
(75, '2012', 19, 0, 0),
(76, '2010', 19, 0, 0),
(77, '2013', 19, 0, 0),
(78, 'Aragón sigue, Labordeta vive.', 20, 1, 0),
(79, 'Labordeta vive, Aragón sigue', 20, 0, 0),
(80, 'Aragón vive, Labordeta sigue.', 20, 0, 0),
(81, 'Labordeta sigue, Aragón vive.', 20, 0, 0),
(82, '4', 21, 1, 0),
(83, '1', 21, 0, 0),
(84, 'Ninguno.', 21, 0, 0),
(85, '6', 21, 0, 0),
(86, '1942', 22, 1, 0),
(87, '1954', 22, 0, 0),
(88, '1971', 22, 0, 0),
(89, '1999', 22, 0, 0),
(90, '13 de septiembre', 23, 0, 0),
(91, '20 de septiembre', 23, 0, 0),
(92, '19 de septiembre', 23, 1, 0),
(93, '3 de septiembre', 23, 0, 0),
(94, 'El mejor político', 24, 0, 0),
(95, 'El mejor cantautor', 24, 0, 0),
(96, 'El abuelo', 24, 1, 0),
(97, 'El padre', 24, 0, 0),
(98, 'El 20 de septiembre de 2010', 25, 1, 0),
(99, 'El 21 de septiembre de 2010', 25, 0, 0),
(100, 'El 22 de septiembre de 2010', 25, 0, 0),
(101, 'El 23 de septiembre de 2010', 25, 0, 0),
(102, '23 de Marzo', 26, 1, 0),
(103, '14 de Marzo', 26, 0, 0),
(104, '5 de Marzo', 26, 0, 0),
(105, '21 de Marzo', 26, 0, 0),
(106, 'Carmen Holanda', 27, 0, 0),
(107, 'Carmen París', 27, 1, 0),
(108, 'Malú', 27, 0, 0),
(109, 'Rosario Flores', 27, 0, 0),
(110, 'Celebrar una jornada para las familias con un concierto.', 28, 1, 0),
(111, 'Hacer una gran manifestación', 28, 0, 0),
(112, 'Preparar una gran celebración para todas las familias de Aragón', 28, 0, 0),
(113, 'Preparar una gran fiesta', 28, 0, 0),
(114, 'Labordeta', 29, 0, 0),
(115, 'El Político', 29, 0, 0),
(116, 'El Abuelo', 29, 1, 0),
(117, 'Jose Antonio', 29, 0, 0),
(118, 'El día 23 de septiembre de 2015, en Zaragoza.', 30, 0, 0),
(119, 'El día 24 de septiembre de 2014, en Zaragoza.', 30, 1, 0),
(120, 'El día 25 de septiembre de 2013, en Zaragoza.', 30, 0, 0),
(121, 'El día 26 de septiembre de 2012, en Zaragoza.', 30, 0, 0),
(122, 'Jose Motos', 31, 0, 0),
(123, 'Anchel Pablo', 31, 1, 0),
(124, 'Manuel Corona', 31, 0, 0),
(125, 'Erik Carmona', 31, 0, 0),
(126, '1995/2000', 32, 1, 0),
(127, '1990/1995', 32, 0, 0),
(128, '2000/2005', 32, 0, 0),
(129, '1985/1990', 32, 0, 0),
(130, '2011', 33, 0, 0),
(131, '2009', 33, 0, 0),
(132, '2010', 33, 1, 0),
(133, '2008', 33, 0, 0),
(134, 'Seguir viva la esencia de Labordeta.', 34, 0, 0),
(135, 'Exponer a Aragón la fama que tiene como cantautor.', 34, 0, 0),
(136, 'Saber quien es esta persona.', 34, 0, 0),
(137, 'Promover los valores de libertad, igualdad y pluralismo ideológico.', 34, 1, 0),
(138, 'El premio al mejor cantautor', 35, 0, 0),
(139, 'La medalla de Aragón', 35, 1, 0),
(140, 'Diploma con sus años de Aragón', 35, 0, 0),
(141, 'Premio al político más luchador', 35, 0, 0),
(142, 'El 29 de septiembre de 2010', 36, 0, 0),
(143, 'El 29 de septiembre de 2013', 36, 0, 0),
(144, 'El 29 de septiembre de 2015', 36, 1, 0),
(145, 'El 29 de septiembre de 2012', 36, 0, 0),
(146, 'Su hermano Miguel', 37, 1, 0),
(147, 'Su padre', 37, 0, 0),
(148, 'Gustavo Adolfo Bécquer', 37, 0, 0),
(149, 'No tuvo mentor', 37, 0, 0),
(150, 'Diario de un Náufrago', 38, 0, 0),
(151, 'Historias de Paletonia', 38, 1, 0),
(152, 'Con la voz a cuestas', 38, 0, 0),
(153, 'Método de Lectura', 38, 0, 0),
(154, '75 años', 39, 1, 0),
(155, '60 años', 39, 0, 0),
(156, '80 años', 39, 0, 0),
(157, '85 años', 39, 0, 0),
(158, '2010', 40, 0, 0),
(159, '2013', 40, 0, 0),
(160, '2015', 40, 0, 0),
(161, '2014', 40, 1, 0),
(162, 'Paseo Teruel', 41, 0, 0),
(163, 'Palacio de la Aljafería de Zaragoza', 41, 1, 0),
(164, 'Estadio de La Romareda', 41, 0, 0),
(165, 'Puente de Piedra', 41, 0, 0),
(166, 'Muere con 77 años, de cáncer de pulmón', 42, 0, 0),
(167, 'Muere con 76 años, de leucemia', 42, 0, 0),
(168, 'Muere con 75 años, de cáncer de próstata', 42, 1, 0),
(169, 'Muere con 74 años, de cáncer de cáncer de higado', 42, 0, 0),
(170, 'Ana Labordeta', 43, 0, 0),
(171, 'Juana de Grandes', 43, 1, 0),
(172, 'Paula Labordeta', 43, 0, 0),
(173, 'Ángela Labordeta', 43, 0, 0),
(174, 'En su familia', 44, 0, 0),
(175, 'En su memoria', 44, 0, 0),
(176, 'En su infancia', 44, 0, 0),
(177, 'En sus amigos', 44, 1, 0),
(178, '5 años', 45, 0, 0),
(179, '10 años', 45, 0, 0),
(180, '25 años', 45, 0, 0),
(181, '2 años', 45, 1, 0),
(182, 'En la 2', 46, 1, 0),
(183, 'Antena 3', 46, 0, 0),
(184, 'En CanalSur', 46, 0, 0),
(185, 'En la Sexta', 46, 0, 0),
(186, 'Carme Chacón', 47, 0, 0),
(187, 'Luisa Palos', 47, 0, 0),
(188, 'Juana de Grandes', 47, 1, 0),
(189, 'Rosalía Hermoso', 47, 0, 0),
(190, 'Magisterio', 48, 0, 0),
(191, 'Derecho', 48, 1, 0),
(192, 'Periodismo', 48, 0, 0),
(193, 'Arquitectura', 48, 0, 0),
(194, 'Sala musical de la diputación de Zaragoza', 49, 0, 0),
(195, 'Sala multiusos del auditorio de Zaragoza', 49, 1, 0),
(196, 'Conservatorio municipal de Zaragoza', 49, 0, 0),
(197, 'Salón público de la universidad de Zaragoza', 49, 0, 0),
(198, 'En 2010', 50, 0, 0),
(199, 'En 2011', 50, 1, 0),
(200, 'En 2012', 50, 0, 0),
(201, 'En 2015', 50, 0, 0),
(202, 'La sala biográfica, dedicada a su familia, infancia, educación y su boda.', 51, 1, 0),
(203, 'La sala biográfica, dedicada a su familia, infancia, moderación y su boda.', 51, 0, 0),
(204, 'La sala biográfica, dedicada a su familia, infancia, política y su boda.', 51, 0, 0),
(205, 'La sala biográfica, dedicada a su familia, infancia, cantautor y su boda.', 51, 0, 0),
(206, 'Hospital Clínico Universitario Lozano Blesa', 52, 0, 0),
(207, 'Hospital Nuestra Señora de Gracia', 52, 0, 0),
(208, 'Hospital Royo Villanova', 52, 0, 0),
(209, 'Hospital Miguel Servet de Zaragoza', 52, 1, 0),
(210, 'Su etapa como padre.', 53, 0, 0),
(211, 'Su juventud.', 53, 0, 0),
(212, 'Su envejecimiento.', 53, 0, 0),
(213, 'Su faceta profesional.', 53, 1, 0),
(214, 'La de Córdoba', 54, 0, 0),
(215, 'La de Valencia', 54, 0, 0),
(216, 'La de Zaragoza', 54, 1, 0),
(217, 'La Complutense de Madrid', 54, 0, 0),
(218, 'Un cuadro', 55, 0, 0),
(219, 'Un libro', 55, 1, 0),
(220, 'Una poesía', 55, 0, 0),
(221, 'Una carta', 55, 0, 0),
(222, '2010', 56, 0, 0),
(223, '1972', 56, 1, 0),
(224, '1664', 56, 0, 0),
(225, '1999', 56, 0, 0),
(226, '2 €', 57, 0, 0),
(227, 'Gratis.', 57, 0, 0),
(228, '5 €', 57, 0, 0),
(229, '1 €', 57, 1, 0),
(230, 'versos', 58, 0, 0),
(231, 'otoño', 58, 0, 0),
(232, 'corazón', 58, 0, 0),
(233, 'besos', 58, 1, 0),
(234, 'Honestidad; sinceridad; nobleza.', 59, 0, 0),
(235, 'Libertad; igualdad; respeto.', 59, 1, 0),
(236, 'Libertad; sinceridad; respeto.', 59, 0, 0),
(237, 'Respeto; nobleza; honestidad.', 59, 0, 0),
(238, '25.000€', 60, 0, 0),
(239, '35.000€', 60, 0, 0),
(240, '45.000€', 60, 0, 0),
(241, '50.000€', 60, 1, 0),
(242, 'Que cuando veía a gente rica, Labordeta le decía de ir al restaurante que pagaría él.', 61, 0, 0),
(243, 'Que cuando veía gente famosa, Labordeta le decía de ir al restaurante que pagaría él.', 61, 0, 0),
(244, 'Que cuando veía a niños, Labordeta les decía de ir al restaurante que pagaría él.', 61, 0, 0),
(245, 'Que cuando veía gente pobre en la calle, Labordeta le decía de ir al restaurante que pagaría él.', 61, 1, 0),
(246, '1', 62, 1, 0),
(247, '2', 62, 0, 0),
(248, 'Ninguna', 62, 0, 0),
(249, 'Se casó y se divorció', 62, 0, 0),
(250, 'Joaquín Sabina', 63, 0, 0),
(251, 'Miguel Ríos', 63, 1, 0),
(252, 'Enrique Bunbury', 63, 0, 0),
(253, 'Raphael', 63, 0, 0),
(254, '2012', 64, 0, 0),
(255, '2015', 64, 1, 0),
(256, '2010', 64, 0, 0),
(257, '2016', 64, 0, 0),
(258, '60 artistas.', 65, 0, 0),
(259, '50 artistas.', 65, 0, 0),
(260, '40 artistas.', 65, 1, 0),
(261, '45 artistas.', 65, 0, 0),
(262, '80', 66, 0, 0),
(263, '3', 66, 0, 0),
(264, '5', 66, 1, 0),
(265, '15', 66, 0, 0),
(266, 'Cuentos de San Cayetano', 67, 0, 0),
(267, 'Tierra sin mar', 67, 0, 0),
(268, 'El comité', 67, 0, 0),
(269, 'Mercado Central', 67, 1, 0),
(270, 'Un aragonés de todos.', 68, 1, 0),
(271, 'Un aragonés más.', 68, 0, 0),
(272, 'Un héroe de Aragón.', 68, 0, 0),
(273, 'La joya de Aragón.', 68, 0, 0),
(274, 'José Antonio Labordeta:creación, compromiso, memoria', 69, 1, 0),
(275, 'José es de todos', 69, 0, 0),
(276, 'Labordeta en nuestros corazones', 69, 0, 0),
(277, 'Un gran aragonesista', 69, 0, 0),
(278, '”Cállate de una vez y deja hablar”', 70, 0, 0),
(279, '”Sois una panda de imbéciles”', 70, 0, 0),
(280, '”A la mierda”', 70, 1, 0),
(281, '”Habéis estado robando toda vuestra vida al pueblo Español”', 70, 0, 0),
(282, '12', 71, 0, 0),
(283, '20', 71, 0, 0),
(284, '26', 71, 1, 0),
(285, '31', 71, 0, 0),
(286, 'En la Iglesia de San Pablo.', 72, 0, 0),
(287, 'En el palacio de la Aljafería de Zaragoza.', 72, 1, 0),
(288, 'En la Iglesia de Santa María Magdalena.', 72, 0, 0),
(289, 'Catedral Del Salvador de Zaragoza.', 72, 0, 0),
(290, 'Mayo de 2013', 73, 0, 0),
(291, 'Octubre de 2011', 73, 0, 0),
(292, 'Enero de 2014', 73, 0, 0),
(293, 'Septiembre de 2014', 73, 1, 0),
(294, 'Mariano Rajoy', 74, 0, 0),
(295, 'Alfredo Perez Rubalcaba', 74, 1, 0),
(296, 'José María Aznar', 74, 0, 0),
(297, 'José Luis Rodriguez Zapatero', 74, 0, 0),
(298, 'Subías', 75, 1, 0),
(299, 'García', 75, 0, 0),
(300, 'Morales', 75, 0, 0),
(301, 'Gozález', 75, 0, 0),
(302, 'La medalla al mejor cantautor de Zaragoza.', 76, 0, 0),
(303, 'La medalla al mejor poeta de Zaragoza.', 76, 0, 0),
(304, 'La medalla de Oro de Aragón.', 76, 1, 0),
(305, 'La medalla de Oro de España.', 76, 0, 0),
(306, 'En La Romareda', 77, 0, 0),
(307, 'En el Puente de Piedra', 77, 0, 0),
(308, 'En la Iglesia San Luis', 77, 0, 0),
(309, 'En la entrada del Parque Grande', 77, 1, 0),
(310, 'Que odia ese mes', 78, 0, 0),
(311, 'Que es el mes en el que le ocurrió muchas cosas', 78, 0, 0),
(312, 'es un sentimiento de tristeza', 78, 1, 0),
(313, 'es un desamor', 78, 0, 0),
(314, '2', 79, 0, 0),
(315, 'Ninguno', 79, 0, 0),
(316, '1', 79, 0, 0),
(317, '4', 79, 1, 0),
(318, '1953', 80, 0, 0),
(319, '1963', 80, 0, 0),
(320, '1970', 80, 1, 0),
(321, '2017', 80, 0, 0),
(322, 'Teruel', 81, 1, 0),
(323, 'Babia', 81, 0, 0),
(324, 'Aragón', 81, 0, 0),
(325, 'Zaragoza', 81, 0, 0),
(326, 'Que era un hombre bueno, comprometido con la sociedad y con la libertad, coherente, polifacético.', 82, 1, 0),
(327, 'Que era un hombre malo, comprometido con los niños y con la gente adulta, coherente, polifacético.', 82, 0, 0),
(328, 'Que era un hombre vago, comprometido con los cantautores, coherente, polifacético.', 82, 0, 0),
(329, 'Que era un hombre bueno, comprometido con la lengua, coherente, polifacético.', 82, 0, 0),
(330, '10', 83, 0, 0),
(331, '20', 83, 1, 0),
(332, '18', 83, 0, 0),
(333, '16', 83, 0, 0),
(338, '27', 85, 1, 0),
(339, '10', 85, 0, 0),
(340, '16', 85, 0, 0),
(341, '22', 85, 0, 0),
(342, 'La Medalla de Oro de Aragón.', 86, 1, 0),
(343, 'La Medalla de Hijo de Aragón.', 86, 0, 0),
(344, 'La Medalla del Defensor del Pueblo.', 86, 0, 0),
(345, 'La Medalla al Político a favor de la Libertad.', 86, 0, 0),
(346, 'Del día 22 al 24 de octubre de 2015', 87, 1, 0),
(347, 'Del día 22 al 24 de septiembre de 2014', 87, 0, 0),
(348, 'Del día 22 al 24 de noviembre de 2015', 87, 0, 0),
(349, 'El día 23 de noviembre de 2014', 87, 0, 0),
(350, 'enero', 88, 0, 0),
(351, 'diciembre', 88, 0, 0),
(352, 'octubre', 88, 0, 0),
(353, 'noviembre', 88, 1, 0),
(354, 'Comunicador', 89, 0, 0),
(355, 'Profesor', 89, 0, 0),
(356, 'Crítico y comunicador', 89, 1, 0),
(357, 'Crítico y profesor', 89, 0, 0),
(358, 'Por la España olvidada.', 90, 1, 0),
(359, 'Por la política malhechora.', 90, 0, 0),
(360, 'Por los poetas.', 90, 0, 0),
(361, 'Por las novelas olvidadas.', 90, 0, 0),
(362, 'Lo metieron en una tumba', 91, 0, 0),
(363, 'Cogieron el cuerpo y lo echaron al río', 91, 0, 0),
(364, 'Lo incineraron y dejaron sus cenizas', 91, 1, 0),
(365, 'No hicieron nada', 91, 0, 0),
(366, '\'Canto a la libertad\'', 92, 0, 0),
(367, '\'Somos\'', 92, 0, 0),
(368, '\'Quién te cerrara los ojos\'', 92, 1, 0),
(369, '\'Canción de Amor\'', 92, 0, 0),
(370, 'PSOE', 93, 0, 0),
(371, 'PP', 93, 1, 0),
(372, 'PCE', 93, 0, 0),
(373, 'UCD', 93, 0, 0),
(374, 'Arruinada', 94, 1, 0),
(375, 'Amargados', 94, 0, 0),
(376, 'Victorioso', 94, 0, 0),
(377, 'Alegria', 94, 0, 0),
(378, 'Eran escritores', 95, 1, 0),
(379, 'Eran albañiles', 95, 0, 0),
(380, 'Eran mineros', 95, 0, 0),
(381, 'Eran funcionarios', 95, 0, 0),
(382, 'Político', 96, 0, 0),
(383, 'Empresario', 96, 0, 0),
(384, 'Pintor', 96, 0, 0),
(385, 'Profesor', 96, 1, 0),
(386, 'España en la mochila', 97, 0, 0),
(387, 'Labordeta y su mochila', 97, 0, 0),
(388, 'Un país en la mochila', 97, 1, 0),
(389, 'Labordeta y sus viajes', 97, 0, 0),
(390, 'Granada', 98, 0, 0),
(391, 'Jaén', 98, 1, 0),
(392, 'Murcia', 98, 0, 0),
(393, 'Almería', 98, 0, 0),
(394, 'En el colegio Alemán de Zaragoza', 99, 1, 0),
(395, 'Colegio Cristo Rey Escolapios', 99, 0, 0),
(396, 'Teresiano del Pilar', 99, 0, 0),
(397, 'Colegio Miralbueno', 99, 0, 0),
(398, '¡Irse a la mierda!', 100, 0, 0),
(399, '¡A tomar por culo!', 100, 0, 0),
(400, '¡Todos a la mierda!', 100, 0, 0),
(401, '¡A la mierda!', 100, 1, 0),
(402, 'Teatro Labordeta', 101, 0, 0),
(403, 'Teatro Cervantes', 101, 0, 0),
(404, 'Teatro Principal de Zaragoza', 101, 1, 0),
(405, 'Teatro Lope de Vega', 101, 0, 0),
(406, '4 de agosto de 1935', 102, 0, 0),
(407, '23 de frebrero de 1935', 102, 0, 0),
(408, '15 de abril de 1935', 102, 0, 0),
(409, '10 de marzo de 1935', 102, 1, 0),
(410, 'jose antonio', 103, 0, 0),
(411, 'miguel', 103, 1, 0),
(412, 'su padre', 103, 0, 0),
(413, 'su madre', 103, 0, 0),
(414, 'Calle San Gomar', 104, 0, 0),
(415, 'Calle Mariano Barbasán', 104, 1, 0),
(416, 'Calle Pablo II', 104, 0, 0),
(417, 'Calle San Cristóbal', 104, 0, 0),
(418, 'En el colegio familiar', 105, 1, 0),
(419, 'En Navarra', 105, 0, 0),
(420, 'No terminó el bachiller', 105, 0, 0),
(421, 'Se lo sacó más adelante , fuera de España', 105, 0, 0),
(422, 'En arte', 106, 1, 0),
(423, 'En Biología', 106, 0, 0),
(424, 'En Música', 106, 0, 0),
(425, 'En Filosofia y letras', 106, 0, 0),
(426, 'San Sebastián', 107, 1, 0),
(427, 'Puerto San Martin', 107, 0, 0),
(428, 'Puerto de Marsella', 107, 0, 0),
(429, 'Puerto de la isla Cristina', 107, 0, 0),
(430, 'Chunta Bizcaina', 108, 0, 0),
(431, 'Junta Aragonesista', 108, 0, 0),
(432, 'Chunta Aragonista', 108, 1, 0),
(433, 'Junta Catalana', 108, 0, 0),
(434, 'Toledo', 109, 0, 0),
(435, 'Cuenca', 109, 0, 0),
(436, 'Ciudad Real', 109, 1, 0),
(437, 'Albacete', 109, 0, 0),
(438, '2', 110, 0, 0),
(439, 'varias', 110, 1, 0),
(440, '1', 110, 0, 0),
(441, 'Ninguna', 110, 0, 0),
(442, 'Profesor de Lengua', 111, 1, 0),
(443, 'Profesor de Geografia, Arte e Historia', 111, 0, 0),
(444, 'Profesor de música', 111, 0, 0),
(445, 'Profesor de Matemáticas', 111, 0, 0),
(446, '7  años', 112, 1, 0),
(447, '2 años', 112, 0, 0),
(448, '4 años', 112, 0, 0),
(449, '6 años', 112, 0, 0),
(450, '6', 113, 0, 0),
(451, '7', 113, 1, 0),
(452, '4', 113, 0, 0),
(453, '5', 113, 0, 0),
(454, 'Recuérdame como un árbol herido, como un pájaro batido, como un hombre sin más', 114, 0, 0),
(455, 'Recuérdame como un pájaro herido, como un árbol batido, como un hombre sin más', 114, 0, 0),
(456, 'Recuérdame como un árbol batido; como un pájaro herido; como un hombre sin más.', 114, 1, 0),
(457, 'Recuérdame como un árbol sin más; como un pájaro batido: como un hombre herido', 114, 0, 0),
(458, '1999 a 2008', 115, 0, 0),
(459, '2000 a 2008', 115, 1, 0),
(460, '1998 a 2005', 115, 0, 0),
(461, '1998 a 2004', 115, 0, 0),
(462, 'Cantad y Callad', 116, 0, 0),
(463, 'En memoria de José Antonio', 116, 0, 0),
(464, 'Aragón sigue, Labordeta vive', 116, 1, 0),
(465, 'Todos con Labordeta', 116, 0, 0),
(466, 'De tristeza', 117, 0, 0),
(467, 'De desolación', 117, 0, 0),
(468, 'De amor', 117, 1, 0),
(469, 'De esperanza', 117, 0, 0),
(470, 'Extremadura', 118, 1, 0),
(471, 'Portugal', 118, 0, 0),
(472, 'Ciudad Real', 118, 0, 0),
(473, 'Salamanca', 118, 0, 0),
(474, 'En 1980', 119, 1, 0),
(475, 'En 1990', 119, 0, 0),
(476, 'En 1970', 119, 0, 0),
(477, 'En 1978', 119, 0, 0),
(478, 'En 1990', 120, 0, 0),
(479, 'En 1995', 120, 1, 0),
(480, 'En 1890', 120, 0, 0),
(481, 'En 1999', 120, 0, 0),
(482, 'El buen cabrero', 121, 0, 0),
(483, 'Ramon Pignatelli', 121, 0, 0),
(484, 'El buen Samaritano', 121, 0, 0),
(485, 'El buen pastor', 121, 1, 0),
(486, 'adolescencia', 122, 0, 0),
(487, 'vejez', 122, 1, 0),
(488, 'infancia', 122, 0, 0),
(489, 'docencia', 122, 0, 0),
(490, 'Por Cáceres', 123, 1, 0),
(491, 'Por Córdoba', 123, 0, 0),
(492, 'Por Zaragoza', 123, 0, 0),
(493, 'Por Cádiz', 123, 0, 0),
(494, 'a su madre', 125, 0, 0),
(495, 'a su familia', 125, 1, 0),
(496, 'a sus hijas', 125, 0, 0),
(497, 'a otras familias', 125, 0, 0),
(498, '1976', 126, 1, 0),
(499, '1974', 126, 0, 0),
(500, '1978', 126, 0, 0),
(501, '1970', 126, 0, 0),
(502, 'Partido Socialista Obrero Español', 127, 0, 0),
(503, 'Partido Popular', 127, 0, 0),
(504, 'Izquierda Unida', 127, 1, 0),
(505, 'Partido Aragonesista', 127, 0, 0),
(506, 'Julio Iglesias', 128, 1, 0),
(507, 'Joaquin Carbonell', 128, 0, 0),
(508, 'Miguel Labordeta', 128, 0, 0),
(509, 'Ramón Cabeza', 128, 0, 0),
(510, 'Alicante', 129, 0, 0),
(511, 'Almeía', 129, 1, 0),
(512, 'Murcia', 129, 0, 0),
(513, 'Jaén', 129, 0, 0),
(514, 'Aurelio', 130, 0, 0),
(515, 'Alfredo', 130, 0, 0),
(516, 'Ataulfo', 130, 0, 0),
(517, 'Eloy', 130, 1, 0),
(518, 'A que se fue lo que más quería', 131, 1, 0),
(519, 'Lo que el siente', 131, 0, 0),
(520, 'Que extraña a su madre', 131, 0, 0),
(521, 'Que extraña a su familia', 131, 0, 0),
(522, '5-9-2010', 132, 0, 0),
(523, '4-9-2010', 132, 0, 0),
(524, '7-9-2010', 132, 0, 0),
(525, '6-9-2010', 132, 1, 0),
(526, 'En 2001', 133, 0, 0),
(527, 'En 2005', 133, 0, 0),
(528, 'En 2000', 133, 1, 0),
(529, 'En 2003', 133, 0, 0),
(530, 'Castellón de la Plana', 134, 0, 0),
(531, 'Teruel', 134, 1, 0),
(532, 'Cuenca', 134, 0, 0),
(533, 'Zaragoza', 134, 0, 0),
(534, '\'Aragón\'', 135, 1, 0),
(535, '\'Un gran amigo\'', 135, 0, 0),
(536, '\'Orgullo aragonés\'', 135, 0, 0),
(537, '\'Adiós por siempre\'', 135, 0, 0),
(538, '29', 136, 1, 0),
(539, '20', 136, 0, 0),
(540, '25', 136, 0, 0),
(541, '30', 136, 0, 0),
(542, 'De 1989 a 1995', 137, 0, 0),
(543, 'De 1993 a 2000', 137, 1, 0),
(544, 'De 1979 a 1983', 137, 0, 0),
(545, 'De 2000 a 2005', 137, 0, 0),
(546, 'Teatro y viajes de estudio', 138, 1, 0),
(547, 'Teatro y clases de canto', 138, 0, 0),
(548, 'Teatro y debates', 138, 0, 0),
(549, 'Teatro y bádminton', 138, 0, 0),
(550, 'versos como besos', 139, 0, 0),
(551, 'un mes inutil', 139, 0, 0),
(552, 'el fin del mundo', 139, 1, 0),
(553, 'dias huidos', 139, 0, 0),
(554, 'En Francia', 140, 1, 0),
(555, 'En España', 140, 0, 0),
(556, 'Reino Unido', 140, 0, 0),
(557, 'Italia', 140, 0, 0),
(558, 'Una mochila', 141, 1, 0),
(559, 'Un mapa', 141, 0, 0),
(560, 'No llevaba nada', 141, 0, 0),
(561, 'Una maleta', 141, 0, 0),
(562, 'Granada/Sierra Nevada', 142, 0, 0),
(563, 'Almería/La ruta del Mármol', 142, 1, 0),
(564, 'Sierra de Cazorla', 142, 0, 0),
(565, 'Pirineos', 142, 0, 0),
(566, 'A diversas facetas creativas', 143, 1, 0),
(567, 'A ser profesor de Educación Física', 143, 0, 0),
(568, 'A ser diputado', 143, 0, 0),
(569, 'A ser abogado', 143, 0, 0),
(570, 'Tenía bigote y audífonos', 144, 0, 0),
(571, 'Tenía bigote, gafas y cejas pobladas', 144, 1, 0),
(572, 'Tenía perilla y orejas grandes', 144, 0, 0),
(573, 'Tenía el pelo totalmente negro y canas a los lados', 144, 0, 0),
(574, 'Memorias de un beduino en el Congreso de los Diputados.', 145, 1, 0),
(575, 'Memorias de un diputado en el Congreso de los Beduinos.', 145, 0, 0),
(576, 'Memorias de un politico en el Congreso de los Diputados.', 145, 0, 0),
(577, 'Memorias de un ciudadano en el Congreso de los Diputados.', 145, 0, 0),
(578, 'La de Cataluña', 146, 0, 0),
(579, 'La de Asturias', 146, 0, 0),
(580, 'La de Aragón', 146, 1, 0),
(581, 'La de Murcia', 146, 0, 0),
(582, 'Niñez', 147, 1, 0),
(583, 'Docencia', 147, 0, 0),
(584, 'Amor', 147, 0, 0),
(585, 'Balance vital', 147, 0, 0),
(586, 'Profesor de Lengua', 148, 1, 0),
(587, 'Profesor de Latín', 148, 0, 0),
(588, 'Cantante', 148, 0, 0),
(589, 'Notario', 148, 0, 0),
(590, '1972', 149, 0, 0),
(591, '1978', 149, 0, 0),
(592, '1977', 149, 1, 0),
(593, '1979', 149, 0, 0),
(594, 'Presentadores de TV', 150, 1, 0),
(595, 'Científicos', 150, 0, 0),
(596, 'Empresarios', 150, 0, 0),
(597, 'Barrenderos', 150, 0, 0),
(598, 'Mariano Sanz', 151, 0, 0),
(599, 'José Luis Gutiérrez Alonso', 151, 0, 0),
(600, 'José Antonio Labordeta', 151, 1, 0),
(601, 'Emiliano de Pedraza', 151, 0, 0),
(602, 'Sierra de Segura', 152, 1, 0),
(603, 'Orcera', 152, 0, 0),
(604, '.La puerta de Segura', 152, 0, 0),
(605, 'Siles', 152, 0, 0),
(606, 'Sierra Morena', 153, 0, 0),
(607, 'Pirineos', 153, 0, 0),
(608, 'Sierra de Albarracín', 153, 1, 0),
(609, 'Sierra de Segura', 153, 0, 0),
(610, 'En Aragón', 154, 1, 0),
(611, 'En Zaragoza', 154, 0, 0),
(612, 'En la de Sevilla', 154, 0, 0),
(613, 'En la de Madrid', 154, 0, 0),
(614, 'Eloy Hernández Clemente', 155, 0, 0),
(615, 'Eloy Fernández Clemente', 155, 1, 0),
(616, 'Alberto Hernández Clemente', 155, 0, 0),
(617, 'Joaquin Fernández Clemente', 155, 0, 0),
(618, 'A sus padres', 156, 0, 0),
(619, 'A sus hermanos', 156, 0, 0),
(620, 'A sus hijas', 156, 1, 0),
(621, 'A sus alumnos', 156, 0, 0),
(622, 'Dos temporadas', 157, 1, 0),
(623, 'Una temporada', 157, 0, 0),
(624, 'Tres temporadas', 157, 0, 0),
(625, 'Cinco temporadas', 157, 0, 0),
(626, 'Deportista', 158, 0, 0),
(627, 'Político', 158, 1, 0),
(628, 'Medallista', 158, 0, 0),
(629, 'Jefe de una Multinacional', 158, 0, 0),
(630, 'El 6 de enero de 2001', 159, 0, 0),
(631, 'El 8 de enero de 2008', 159, 1, 0),
(632, 'El 10 de febrero de 2005', 159, 0, 0),
(633, 'El 3 de enero del 2007', 159, 0, 0),
(634, 'A Sevilla', 160, 1, 0),
(635, 'A Almería', 160, 0, 0),
(636, 'A Teruel', 160, 0, 0),
(637, 'A Barcelona', 160, 0, 0),
(638, 'Cádiz', 161, 0, 0),
(639, 'La Vera (Cáceres)', 161, 1, 0),
(640, 'Córdoba', 161, 0, 0),
(641, 'Málaga', 161, 0, 0),
(642, 'Aventurero', 162, 1, 0),
(643, 'Banquero', 162, 0, 0),
(644, 'Jugador de fútbol', 162, 0, 0),
(645, 'Astronauta', 162, 0, 0),
(646, 'Cabo de Gata', 163, 0, 0),
(647, 'Provincia de Huelva', 163, 1, 0),
(648, 'Barcelona', 163, 0, 0),
(649, 'Madrid', 163, 0, 0),
(650, '1ª estrofa', 164, 0, 0),
(651, '2ª estrofa', 164, 1, 0),
(652, '3ª estrofa', 164, 0, 0),
(653, '4ª estrofa', 164, 0, 0),
(654, 'En 1887', 165, 1, 0),
(655, 'En 1964', 165, 0, 0),
(656, 'En 1990', 165, 0, 0),
(657, 'En 1972', 165, 0, 0),
(658, 'Una Coca-cola', 166, 0, 0),
(659, 'Un ron', 166, 0, 0),
(660, 'Un vaso de leche', 166, 0, 0),
(661, 'Un café', 166, 1, 0),
(662, 'En Aix Provence', 167, 0, 0),
(663, 'En Provence', 167, 0, 0),
(664, 'En Air-enProvence', 167, 1, 0),
(665, 'En Aix-enProvence', 167, 0, 0),
(666, 'Viernes y sábado', 168, 0, 0),
(667, 'Sábado y domingo', 168, 1, 0),
(668, 'Domingo y lunes', 168, 0, 0),
(669, 'Jueves y viernes', 168, 0, 0),
(670, 'Por vergüenza', 169, 0, 0),
(671, 'Por el miedo que pasó en su época', 169, 1, 0),
(672, '.No sabe hablar', 169, 0, 0),
(673, 'No quiere hablar', 169, 0, 0),
(674, 'Escultor', 170, 1, 0),
(675, 'Poeta', 170, 0, 0),
(676, 'Arquitecto', 170, 0, 0),
(677, 'Pintor', 170, 0, 0),
(678, 'Monegros', 171, 0, 0),
(679, 'Cantar i calla', 171, 0, 0),
(680, 'Las Sonotas', 171, 0, 0),
(681, 'Nadie', 171, 1, 0),
(682, 'Que en los dos enseñaban nuevos lugares', 172, 1, 0),
(683, 'Que se hablaba de fútbol', 172, 0, 0),
(684, 'Que en los dos se hablaba de política', 172, 0, 0),
(685, 'Que los dos trataban sobre tertulias a voces', 172, 0, 0),
(686, 'El 3 de marzo de 2004', 173, 0, 0),
(687, 'El 7de abril de 2010', 173, 0, 0),
(688, 'El 24 de noviembre de 2007', 173, 1, 0),
(689, 'El 7 de octubre de 2003', 173, 0, 0),
(690, '1990', 174, 0, 0),
(691, '1994', 174, 0, 0),
(692, '1996', 174, 0, 0),
(693, '1995', 174, 1, 0),
(694, 'San Matias', 175, 1, 0),
(695, 'San Lorenzo', 175, 0, 0),
(696, 'Santuario de Santa Gema', 175, 0, 0),
(697, 'San Marcos', 175, 0, 0),
(698, 'A Zaragoza', 176, 1, 0),
(699, 'A París', 176, 0, 0),
(700, 'A Badajoz', 176, 0, 0),
(701, 'A Salamanca', 176, 0, 0),
(702, 'Corta', 177, 1, 0),
(703, 'Media', 177, 0, 0),
(704, 'Larga', 177, 0, 0),
(705, 'Larguísima', 177, 0, 0),
(706, 'Piso de abajo piedra y barro, y en las plantas de arriba influencia nórdica.', 178, 1, 0),
(707, 'Piso de abajo cemento y ladrillo y en las plantas de arriba piedra y barro', 178, 0, 0),
(708, 'Tanto piso de arriba como el de abajo eran de cemento y ladrillo', 178, 0, 0),
(709, 'Solo ladrillo', 178, 0, 0),
(710, '3', 179, 0, 0),
(711, '8', 179, 0, 0),
(712, '4', 179, 0, 0),
(713, '7', 179, 1, 0),
(714, 'Muerte natural', 180, 0, 0),
(715, 'Accidente de tráfico', 180, 0, 0),
(716, 'Cáncer de próstata', 180, 1, 0),
(717, 'Infarto', 180, 0, 0),
(718, 'Sucede el pensamiento', 181, 1, 0),
(719, 'Cantar y callar', 181, 0, 0),
(720, 'Las sonata', 181, 0, 0),
(721, 'Monegros', 181, 0, 0),
(722, 'En el debate sobre la libertad', 182, 0, 0),
(723, 'En el debate sobre Aragón', 182, 0, 0),
(724, 'En el debate sobre la Guerra de Irak', 182, 1, 0),
(725, 'En el debate sobre la politica de España', 182, 0, 0),
(726, '1971', 183, 0, 0),
(727, '1980', 183, 0, 0),
(728, '1967', 183, 0, 0),
(729, '1959', 183, 1, 0),
(730, 'A su madre', 184, 0, 0),
(731, 'A sus hijas', 184, 1, 0),
(732, 'A su alumno', 184, 0, 0),
(733, 'A mujer', 184, 0, 0),
(734, 'En su forma de pensar y proteger a los animales', 185, 1, 0),
(735, 'En su forma de cantar', 185, 0, 0),
(736, 'En su forma de relacionarse', 185, 0, 0),
(737, 'En su forma de dar clases', 185, 0, 0),
(738, '30', 186, 1, 0),
(739, '22', 186, 0, 0),
(740, '12', 186, 0, 0),
(741, '7', 186, 0, 0),
(742, '2', 187, 0, 0),
(743, '10', 187, 0, 0),
(744, '3', 187, 1, 0),
(745, '9', 187, 0, 0),
(746, 'Un hombre impeturoso', 188, 1, 0),
(747, 'Buen presentador de TV', 188, 0, 0),
(748, 'Buena Gente', 188, 0, 0),
(749, 'Buen político', 188, 0, 0),
(750, 'Ayudar a las personas', 189, 0, 0),
(751, 'Dignificar el mundo animal y rural', 189, 1, 0),
(752, 'Ayudar a los sindicatos', 189, 0, 0),
(753, 'Ayudar a las plantas', 189, 0, 0),
(754, 'Su forma de tratar a personas', 190, 0, 0),
(755, 'El respeto hacía animales, ríos, plantas y todo lo rural', 190, 1, 0),
(756, 'Ser honrado', 190, 0, 0),
(757, 'Su forma de pensar', 190, 0, 0),
(758, 'Cuando la loba tiene que sacar a los lobeznos de la cueva', 191, 1, 0),
(759, 'Cuándo sale una águila', 191, 0, 0),
(760, 'Cuándo Félix y su cámara graban varios animales', 191, 0, 0),
(761, 'Cuándo ve una serpiente', 191, 0, 0),
(762, 'Asco', 192, 0, 0),
(763, 'Tristeza', 192, 0, 0),
(764, 'Ternura', 192, 1, 0),
(765, 'Miedo', 192, 0, 0),
(766, 'Respeto hacia ellos', 193, 1, 0),
(767, 'Miedo', 193, 0, 0),
(768, 'Valentía', 193, 0, 0),
(769, 'Valor', 193, 0, 0),
(770, 'En el primer aniversario', 194, 1, 0),
(771, 'En el quinto aniversario', 194, 0, 0),
(772, 'En el tercer aniversario', 194, 0, 0),
(773, 'En el segundo niversario', 194, 0, 0),
(774, 'El Diario Córdoba', 195, 0, 0),
(775, 'El Periódico De Aragón', 195, 0, 0),
(776, 'El Mundo', 195, 1, 0),
(777, 'El Periódico de Huesca', 195, 0, 0),
(778, 'Por Castilla Joven', 196, 1, 0),
(779, 'Por su familia', 196, 0, 0),
(780, 'Por sus amigos de Aragón', 196, 0, 0),
(781, 'Nadie lo realizó', 196, 0, 0),
(782, 'En 2011', 197, 0, 0),
(783, 'En 2008', 197, 0, 0),
(784, 'En 2010', 197, 1, 0),
(785, 'En 2012', 197, 0, 0),
(786, 'El Aula Magna de la Universidad de Castellón', 198, 0, 0),
(787, 'El Aula Magna del Paraninfo de Zaragoza', 198, 1, 0),
(788, 'El Aula Magna de la Universidad de Teruel', 198, 0, 0),
(789, 'El Congreso de los Diputados de Madrid', 198, 0, 0),
(790, '2\'58\'\'', 199, 0, 0),
(791, '3\'00\'\'', 199, 0, 0),
(792, '2\'59\'\'', 199, 0, 0),
(793, '3\'58\'\'', 199, 1, 0),
(794, 'En familia', 200, 0, 0),
(795, 'Por los míos', 200, 0, 0),
(796, 'Tú y yo y los demás', 200, 1, 0),
(797, 'Mi tierra', 200, 0, 0),
(798, 'Recuerdo de Labordeta', 201, 0, 0),
(799, 'Tierra sin mar', 201, 1, 0),
(800, 'Lluvias y destellos', 201, 0, 0),
(801, 'Sin volverte a ver', 201, 0, 0),
(802, 'Adiós, gran amigo.', 202, 0, 0),
(803, 'Descansa en paz, abuelo.', 202, 1, 0),
(804, 'Adiós, profesor.', 202, 0, 0),
(805, 'Hasta luego, José.', 202, 0, 0),
(806, 'Porque esa zona es nueva', 203, 0, 0),
(807, 'Porque ya había gente viviendo en esa época.', 203, 1, 0),
(808, 'Porque ha avanzado la tasa de natalidad', 203, 0, 0),
(809, 'Porque habido más nacimientos que fallecimientos.', 203, 0, 0),
(810, '. Porque le apetecía', 204, 0, 0),
(811, 'Porque era un hombre mayor y tenía ganas de ver otros sitios', 204, 0, 0),
(812, 'Porque quería dar a conocer otros lugares de España, de donde no los que no se sabía nada', 204, 1, 0),
(813, 'Porque le apetecía estar y dar a conocer con otras personas del mundo y alojarse en sus casa y ver sus pueblos.', 204, 0, 0),
(814, '.Un gorro, un mapa y sus gafas', 205, 0, 0),
(815, '.Un mapa, una mochila y sus gafas', 205, 0, 0),
(816, 'Sus gafas, un bastón y un mapa', 205, 0, 0),
(817, '.Una mochila, un bastón y una gorra', 205, 1, 0),
(818, 'Los bebés que ahora son ancianas', 206, 0, 0),
(819, 'Las niñas que son adultas.', 206, 0, 0),
(820, 'Las ancianas y una que otra nieta', 206, 1, 0),
(821, 'Las tías', 206, 0, 0),
(822, 'A las 7 de la tarde', 207, 0, 0),
(823, 'A las 8 de la tarde', 207, 0, 0),
(824, 'A las 6 y media', 207, 0, 0),
(825, 'Todos los días a todas las horas', 207, 1, 0),
(826, 'Enero', 208, 0, 0),
(827, 'Marzo', 208, 1, 0),
(828, 'Junio', 208, 0, 0),
(829, 'Septiembre', 208, 0, 0),
(830, 'Junta de Andalucía', 209, 0, 0),
(831, 'Xunta Aragonesista', 209, 1, 0),
(832, 'La Generalitat', 209, 0, 0),
(833, 'No estuvo en ninguna', 209, 0, 0),
(834, 'La Rioja', 210, 0, 0),
(835, 'Aragón', 210, 1, 0),
(836, 'Asturias', 210, 0, 0),
(837, 'Navarra', 210, 0, 0),
(838, '1990', 211, 0, 0),
(839, '1999', 211, 0, 0),
(840, '2007', 211, 0, 0),
(841, '2010', 211, 1, 0),
(842, 'Una hija', 212, 0, 0),
(843, 'Dos hijas', 212, 0, 0),
(844, 'Tres hijas', 212, 1, 0),
(845, 'Ninguna hija', 212, 0, 0),
(846, '6 de noviembre de 1990', 213, 0, 0),
(847, '8 de noviembre de 1995', 213, 0, 0),
(848, '4 de noviembre de 1995', 213, 1, 0),
(849, '5 de noviembre de 1993', 213, 0, 0),
(850, 'El reino de la luz, Región de Murcia, sábado 9 de diciembre de 1995', 214, 1, 0),
(851, 'Campo de Calatrava, Ciudad Real, Castilla-La Mancha, sábado 25 de noviembre de 1995.', 214, 0, 0),
(852, 'Lejos del mar, Orense Galicia, sábado 23 de diciembre de 1995.', 214, 0, 0),
(853, 'La Rioja, La Rioja, domingo 5 de noviembre de 1995.', 214, 0, 0),
(854, '1936', 215, 0, 0),
(855, '1934', 215, 0, 0),
(856, '1935', 215, 1, 0),
(857, '1940', 215, 0, 0),
(858, '2009', 216, 0, 0),
(859, '2010', 216, 1, 0),
(860, '2011', 216, 0, 0),
(861, '2008', 216, 0, 0),
(862, '1970', 217, 0, 0),
(863, '1972', 217, 0, 0),
(864, '1974', 217, 1, 0),
(865, '1973', 217, 0, 0),
(866, '1974', 218, 1, 0),
(867, '1970', 218, 0, 0),
(868, '1980', 218, 0, 0),
(869, '1978', 218, 0, 0),
(870, 'En 1990', 219, 0, 0),
(871, 'En 1991', 219, 1, 0),
(872, 'En 1992', 219, 0, 0),
(873, 'En 1887', 219, 0, 0),
(874, '2002', 220, 0, 0),
(875, '1996', 220, 0, 0),
(876, '2008', 220, 1, 0),
(877, '2006', 220, 0, 0),
(878, 'Cáncer de próstata', 221, 1, 0),
(879, 'Cáncer de riñon', 221, 0, 0),
(880, 'Cáncer de estomago', 221, 0, 0),
(881, 'Cáncer de páncreas', 221, 0, 0),
(882, 'La Medalla de Oro al Mejor Cantautor', 222, 0, 0),
(883, 'La Medalla de Plata al Mejor Político Español', 222, 0, 0),
(884, 'La Gran Cruz de la Orden de Alfonso X el Sabio', 222, 1, 0),
(885, 'El Premio de la Natalidad', 222, 0, 0),
(886, 'Teruel', 223, 0, 0),
(887, 'Zaragoza', 223, 1, 0),
(888, 'Logroño', 223, 0, 0),
(889, 'Huesca', 223, 0, 0),
(890, 'Septiembre de 1972', 224, 1, 0),
(891, 'Septiembre de 1960', 224, 0, 0),
(892, 'Septiembre de 1950', 224, 0, 0),
(893, 'Septiembre de 1970', 224, 0, 0),
(894, '2006', 225, 0, 0),
(895, '2008', 225, 1, 0),
(896, '2011', 225, 0, 0),
(897, '2010', 225, 0, 0),
(898, 'De dia', 226, 0, 0),
(899, 'De tarde', 226, 0, 0),
(900, 'De madrugada', 226, 1, 0),
(901, 'De noche', 226, 0, 0),
(902, '80', 227, 0, 0),
(903, '75', 227, 1, 0),
(904, '70', 227, 0, 0),
(905, '72', 227, 0, 0),
(906, '2010', 228, 1, 0),
(907, '1997', 228, 0, 0),
(908, '2014', 228, 0, 0),
(909, '2000', 228, 0, 0),
(910, 'Abril', 229, 0, 0),
(911, 'Junio', 229, 0, 0),
(912, 'Enero', 229, 0, 0),
(913, 'Agosto', 229, 1, 0),
(914, '150,000-145,000 toneladas', 230, 0, 0),
(915, '175,000-180,000 tonelada', 230, 0, 0),
(916, '185,000-190,000 toneladas,', 230, 0, 0),
(917, '160,000-165,000 toneladas', 230, 1, 0),
(918, 'Cuando fue a visitar a sus padres,', 231, 0, 0),
(919, 'El recuerdo de su amigo Eloy', 231, 1, 0),
(920, 'Una foto que le enviaron', 231, 0, 0),
(921, 'Cuando fue con sus hijas', 231, 0, 0),
(922, '7', 232, 1, 0),
(923, '9', 232, 0, 0),
(924, '10', 232, 0, 0),
(925, '12', 232, 0, 0),
(926, 'Antonio', 233, 0, 0),
(927, 'Cristóbal', 233, 1, 0),
(928, 'Aurelio', 233, 0, 0),
(929, 'Juan', 233, 0, 0),
(930, 'Federico García Lorca', 234, 0, 0),
(931, 'Antonio Machado', 234, 0, 0),
(932, 'Colón', 234, 1, 0),
(933, 'Miguel de Cervantes', 234, 0, 0),
(934, 'astia', 235, 1, 0),
(935, 'bici', 235, 0, 0),
(936, 'báculo', 235, 0, 0),
(937, 'moto', 235, 0, 0),
(938, 'Caldera de Taburiente', 236, 0, 0),
(939, 'Cabañeros', 236, 0, 0),
(940, 'Garajonay', 236, 1, 0),
(941, 'Las tablas de Daimiel', 236, 0, 0),
(942, 'Pasar por las ciudades para conocerlas un poco más', 237, 0, 0),
(943, 'Pasar por los lugares para conocer más personas', 237, 0, 0),
(944, 'Mostrar la realidad cotidiana de los habitantes de cada lugar', 237, 1, 0),
(945, 'Mostrar la cultura de cada lugar', 237, 0, 0),
(946, 'Telecinco', 238, 0, 0),
(947, 'La 2', 238, 1, 0),
(948, 'La 1', 238, 0, 0),
(949, 'Divinity', 238, 0, 0),
(950, '20 minutos', 239, 0, 0),
(951, '30 minutos', 239, 0, 0),
(952, '60 minutos', 239, 0, 0),
(953, '50 minutos', 239, 1, 0),
(954, 'Poeta', 240, 0, 0),
(955, 'La vieja', 240, 0, 0),
(956, 'Canto a la Libertad', 240, 1, 0),
(957, 'Somos', 240, 0, 0),
(958, 'Monegros', 241, 0, 0),
(959, 'Nadie', 241, 0, 0),
(960, 'Ya ves', 241, 0, 0),
(961, 'Amarillea', 241, 1, 0),
(962, 'Cantar y callar', 242, 0, 0),
(963, 'Recuento', 242, 0, 0),
(964, 'Que vamos a hacer', 242, 0, 0),
(965, 'Labordeta en directo', 242, 1, 0),
(966, 'Su memoria', 243, 0, 0),
(967, 'Su pensamiento', 243, 1, 0),
(968, 'Su historia', 243, 0, 0),
(969, 'Su infancia', 243, 0, 0),
(970, '1982', 244, 0, 0),
(971, '1986', 244, 1, 0),
(972, '1997', 244, 0, 0),
(973, '1985', 244, 0, 0),
(974, 'Callar i cantar', 245, 0, 0),
(975, 'Cantar y callar', 245, 0, 0),
(976, 'Callar y cantar', 245, 0, 0),
(977, 'Cantar i callar', 245, 1, 0),
(978, '1987', 246, 0, 0),
(979, '1889', 246, 0, 0),
(980, '1974', 246, 1, 0),
(981, '1988', 246, 0, 0),
(982, 'Todos repiten lo mismo', 247, 0, 0),
(983, 'Dónde se van', 247, 0, 0),
(984, 'La zambomba', 247, 0, 0),
(985, 'La vieja', 247, 1, 0),
(986, 'Del diario de un náufrago', 248, 1, 0),
(987, 'Del verano', 248, 0, 0),
(988, 'De un amor', 248, 0, 0),
(989, 'El nacimiento de sus hijas', 248, 0, 0),
(990, 'Actitud romántica', 249, 0, 0),
(991, 'Actitud pesimista', 249, 1, 0),
(992, 'Actitud eufórica', 249, 0, 0),
(993, 'Actitud triste', 249, 0, 0),
(994, 'Nadie', 250, 1, 0),
(995, 'Regresaré a la casa', 250, 0, 0),
(996, 'Cantes de tierra adentro', 250, 0, 0),
(997, 'El poeta', 250, 0, 0),
(998, 'Rosa rosae', 251, 0, 0),
(999, 'Canto a la libertad', 251, 0, 0),
(1000, 'Somos', 251, 0, 0),
(1001, 'Qué queda de ti, qué queda de mí', 251, 1, 0),
(1002, '1954', 252, 0, 0),
(1003, '1953', 252, 0, 0),
(1004, '1956', 252, 0, 0),
(1005, '1959', 252, 1, 0),
(1006, 'Banderas rotas', 253, 0, 0),
(1007, 'Que queda de tí, que queda de mí', 253, 0, 0),
(1008, 'La A y B', 253, 1, 0),
(1009, 'Ninguna', 253, 0, 0),
(1010, 'III', 254, 0, 0),
(1011, 'V', 254, 1, 0),
(1012, 'VI', 254, 0, 0),
(1013, 'II', 254, 0, 0),
(1014, '1974', 255, 1, 0),
(1015, '1975', 255, 0, 0),
(1016, '1978', 255, 0, 0),
(1017, '1980', 255, 0, 0),
(1018, 'Enero', 256, 0, 0),
(1019, 'Abril', 256, 0, 0),
(1020, 'Febrero', 256, 1, 0),
(1021, 'Marzo', 256, 0, 0),
(1022, 'Carmen Machado', 257, 0, 0),
(1023, 'Benito Vaquero', 257, 1, 0),
(1024, 'Carmen Jurado', 257, 0, 0),
(1025, 'Juan Carlos Aranda', 257, 0, 0),
(1026, '1998', 258, 0, 0),
(1027, '2007', 258, 0, 0),
(1028, '1991', 258, 1, 0),
(1029, '1999', 258, 0, 0),
(1030, 'Con tu voz', 259, 0, 0),
(1031, 'Regresaré a la casa', 259, 1, 0),
(1032, 'Ya ves', 259, 0, 0),
(1033, 'Banderas rotas', 259, 0, 0),
(1034, 'Paisajes (1)', 260, 0, 0),
(1035, 'Paisajes (2)', 260, 0, 0),
(1036, 'Paisaje (1)', 260, 0, 0),
(1037, 'Paisajes (3)', 260, 1, 0),
(1038, 'Nadie', 261, 0, 0),
(1039, 'A callejear', 261, 0, 0),
(1040, 'Paisajes urbanos, días escolares', 261, 0, 0),
(1041, 'Ya ves', 261, 1, 0),
(1042, 'Qué queda de ti, que queda de mí', 262, 0, 0),
(1043, 'La vieja', 262, 0, 0),
(1044, 'Nadie', 262, 1, 0),
(1045, 'A callejear', 262, 0, 0),
(1046, 'Enfermera', 263, 0, 0),
(1047, 'Profesora', 263, 1, 0),
(1048, 'Abogada', 263, 0, 0),
(1049, 'Empresaria', 263, 0, 0),
(1050, 'Fue su vecino', 264, 0, 0),
(1051, 'Fue su sobrino', 264, 0, 0),
(1052, 'Fue su alumno', 264, 1, 0),
(1053, 'Fue compañero de profesión', 264, 0, 0),
(1054, '2014', 265, 1, 0),
(1055, '2013', 265, 0, 0),
(1056, '2015', 265, 0, 0),
(1057, '011', 265, 0, 0),
(1058, 'Los cinco años de su muerte', 266, 0, 0),
(1059, 'Los cincuenta años de su boda', 266, 1, 0),
(1060, 'Los treinta años de dar clase', 266, 0, 0),
(1061, 'Los cinco años de dejar la política', 266, 0, 0),
(1062, 'Canto a la libertad', 267, 0, 0),
(1063, 'Albada', 267, 0, 0),
(1064, 'Caminaremos', 267, 0, 0),
(1065, 'Somos', 267, 1, 0),
(1066, 'A la paz de Dios', 268, 0, 0),
(1067, 'Regular, gracias a Dios', 268, 1, 0),
(1068, 'Vaya usted con Dios', 268, 0, 0),
(1069, 'Hasta que Dios quiera', 268, 0, 0),
(1070, 'Memorias de un político en el Congreso de los Diputados', 269, 0, 0),
(1071, 'Recuerdos de un tuareg en el Congreso de los Diputados', 269, 0, 0),
(1072, 'Memorias de un beduino en el Congreso de los Diputados', 269, 1, 0),
(1073, 'Vivencias de un político honrado', 269, 0, 0),
(1074, 'Cantar y callar', 270, 1, 0),
(1075, 'Sucede el pensamiento', 270, 0, 0),
(1076, 'Cantar y callar', 270, 1, 0),
(1077, 'Poemas de José Antonio Labordeta', 270, 0, 0),
(1078, 'Diario de un náufrago', 271, 1, 0),
(1079, 'Jardín de la memoria', 271, 0, 0),
(1080, 'Monegros', 271, 0, 0),
(1081, 'Las sonatas', 271, 0, 0),
(1082, '1978', 272, 1, 0),
(1083, '1976', 272, 0, 0),
(1084, '1987', 272, 0, 0),
(1085, '1981', 272, 0, 0),
(1086, '1983', 273, 1, 0),
(1087, '1984', 273, 0, 0),
(1088, '1988', 273, 0, 0),
(1089, '1989', 273, 0, 0),
(1090, 'AVE', 274, 1, 0),
(1091, 'Avión', 274, 0, 0),
(1092, 'Coche particular', 274, 0, 0),
(1093, 'Helicóptero', 274, 0, 0),
(1094, 'Ángela,Paqui y Alba', 275, 0, 0),
(1095, 'Andrea, Pilar y Ana', 275, 0, 0),
(1096, 'Ángela, Paula y Ana', 275, 1, 0),
(1097, 'Andrea, Alba y Patricia', 275, 0, 0),
(1098, 'En la creación del Partido Socialista de Aragón', 276, 1, 0),
(1099, 'en una maratón', 276, 0, 0),
(1100, 'en un concierto benéfico', 276, 0, 0),
(1101, 'en un concurso de poemas', 276, 0, 0),
(1102, 'Miguel y María', 277, 0, 0),
(1103, 'Manuel y Sara', 277, 0, 0),
(1104, 'Manolo y Sofía', 277, 0, 0),
(1105, 'Miguel y Sara', 277, 1, 0),
(1106, 'para viajar', 278, 0, 0),
(1107, 'para pasar más tiempo con su familia', 278, 0, 0),
(1108, 'para dedicarse a la escritura, los recitales, el periodismo y la política', 278, 1, 0),
(1109, 'para cantar', 278, 0, 0),
(1110, 'cáncer', 279, 0, 0),
(1111, 'muerte natural', 279, 1, 0),
(1112, 'accidente de coche', 279, 0, 0),
(1113, 'lo mataron', 279, 0, 0),
(1114, '80', 280, 0, 0),
(1115, '78', 280, 0, 0),
(1116, '75', 280, 1, 0),
(1117, '70', 280, 0, 0),
(1118, 'visitar París', 281, 0, 0),
(1119, 'dar clase como lector', 281, 1, 0),
(1120, 'visitar a un amigo', 281, 0, 0),
(1121, 'aprender francé', 281, 0, 0),
(1122, '2010', 282, 0, 0),
(1123, '2000', 282, 0, 0),
(1124, '2009', 282, 1, 0),
(1125, '2005', 282, 0, 0),
(1126, 'casarse', 283, 0, 0),
(1127, 'emitir un programa de televisión', 283, 1, 0),
(1128, 'se murió', 283, 0, 0),
(1129, 'sufrió un accidente', 283, 0, 0),
(1130, 'fue lector', 284, 1, 0),
(1131, 'visitar a un familiar', 284, 0, 0),
(1132, 'casarse', 284, 0, 0),
(1133, 'asistir a la boda de un amigo', 284, 0, 0),
(1134, '1992', 285, 1, 0),
(1135, '1994', 285, 0, 0),
(1136, '1995', 285, 0, 0),
(1137, '1993', 285, 0, 0),
(1138, 'El comité', 286, 0, 0),
(1139, 'Mediometro', 286, 0, 0),
(1140, 'Monegros', 286, 0, 0),
(1141, 'Cuentos de San Cayetano', 286, 1, 0),
(1142, 'En 1982', 287, 1, 0),
(1143, 'En 1983', 287, 0, 0),
(1144, 'En 1987', 287, 0, 0),
(1145, 'En 1991', 287, 0, 0),
(1146, 'En 1978', 288, 0, 0),
(1147, 'En 1977', 288, 1, 0),
(1148, 'En 1980', 288, 0, 0),
(1149, 'En 1976', 288, 0, 0),
(1150, 'Las filas de la Chunta Aragonesista', 289, 0, 0),
(1151, 'Las listas de Izquierda Unida al Senado', 289, 1, 0),
(1152, 'La televisión', 289, 0, 0),
(1153, 'La radio', 289, 0, 0),
(1154, 'En el Congreso', 290, 1, 0),
(1155, 'En el Senado', 290, 0, 0),
(1156, 'En la Diputación de Zaragoza', 290, 0, 0),
(1157, 'En el Ayuntamiento de Zaragoza', 290, 0, 0),
(1158, 'Con Podemos', 291, 0, 0),
(1159, 'Con Izquierda unida', 291, 0, 0),
(1160, 'Con la derecha', 291, 0, 0),
(1161, 'Con la izquierda', 291, 1, 0),
(1162, 'Diputado de Aragón', 292, 0, 0),
(1163, 'Militante del Partido Socialista de Aragón', 292, 1, 0),
(1164, 'Candidato independiente', 292, 0, 0),
(1165, 'Presidente del Gobierno', 292, 0, 0),
(1166, 'Del Colegio San Patricio', 293, 0, 0),
(1167, 'Del Colegio Ramón y Cajal', 293, 0, 0),
(1168, 'Del Colegio Menor San Pablo', 293, 1, 0),
(1169, 'Del Colegio San Cernín', 293, 0, 0),
(1170, 'En 2000', 294, 0, 0),
(1171, 'En 1989', 294, 0, 0),
(1172, 'En 1969', 294, 0, 0),
(1173, 'En 1979', 294, 1, 0),
(1174, 'En 2006- 2007', 295, 0, 0),
(1175, 'En 1958- 1959', 295, 1, 0),
(1176, 'En 1968-1970', 295, 0, 0),
(1177, 'En 1990- 2000', 295, 0, 0),
(1178, 'En 1989', 296, 1, 0),
(1179, 'En 1980', 296, 0, 0),
(1180, 'En 1968', 296, 0, 0),
(1181, 'En 1940', 296, 0, 0),
(1182, 'A Federico Jiménez Losantos', 297, 0, 0),
(1183, 'A Joaquín Carbonell', 297, 0, 0),
(1184, 'A José Sanchís Sinisterra', 297, 0, 0),
(1185, 'A Eloy Fernandez Clemente', 297, 1, 0),
(1186, '2006', 298, 0, 0),
(1187, '2009', 298, 0, 0),
(1188, '2008', 298, 1, 0),
(1189, '2000', 298, 0, 0),
(1194, 'Bueno, pues le acogieron muy bien', 300, 0, 0),
(1195, 'Mal, porque le abuchearon', 300, 1, 0),
(1196, 'Ni bien ni mal, porque no existia para nadie', 300, 0, 0),
(1197, 'No llegó a estar en el parlamento español', 300, 0, 0),
(1198, 'Derechas', 301, 0, 0),
(1199, 'Izquierdas', 301, 1, 0),
(1200, 'Centro', 301, 0, 0),
(1201, 'Nunca lo dijo públicamente', 301, 0, 0),
(1202, 'La vieja chaqueta', 302, 0, 0),
(1203, 'Mi perro', 302, 0, 0),
(1204, 'Nadie', 302, 1, 0),
(1205, 'Con tus manos', 302, 0, 0),
(1206, 'Carmen París', 303, 0, 0),
(1207, 'María José Hernández', 303, 1, 0),
(1208, 'Benito Vaquero', 303, 0, 0),
(1209, 'Rosario Flores', 303, 0, 0),
(1210, 'Félix Rodríguez de la Fuente', 304, 0, 0),
(1211, 'Benito Vaquero', 304, 1, 0),
(1212, 'Bernabé Tierno', 304, 0, 0),
(1213, 'Pablo Iglesias', 304, 0, 0),
(1214, 'El reino de la luz', 305, 1, 0),
(1215, 'La costa cálida', 305, 0, 0),
(1216, 'El sureste español', 305, 0, 0),
(1217, 'La tierra del Mar Menor', 305, 0, 0),
(1218, 'El IES Góngora', 306, 0, 0),
(1219, 'El IES Maimónides', 306, 0, 0),
(1220, 'El IES Lope de Vega', 306, 0, 0),
(1221, 'El IES Gran Capitán', 306, 1, 0),
(1222, 'Homenaje 3.0 a Labordeta', 307, 1, 0),
(1223, 'Homenaje TIC a Labordeta', 307, 0, 0),
(1224, 'Homenaje multimedia a Labordeta', 307, 0, 0),
(1225, 'Homenaje 2.0 a Labordeta', 307, 0, 0),
(1226, 'Discoforum 3.0 tusigue@labordeta.es', 308, 1, 0),
(1227, 'Discoforum 3.0 ahoravamos@labordeta.com', 308, 0, 0),
(1228, 'Discoforum de Labordeta', 308, 0, 0),
(1229, 'Discoforum 3.0 TICsigue@labordeta.es', 308, 0, 0),
(1230, 'Festival labordetiano', 309, 0, 0),
(1231, 'Festival a los Labordeta', 309, 0, 0),
(1232, 'Festival a Labordeta\'s', 309, 1, 0),
(1233, 'Festival de poesía de Labordeta', 309, 0, 0),
(1234, 'Cantando Somos', 310, 0, 0),
(1235, 'Cantando Canto a la Libertad', 310, 1, 0),
(1236, 'Guardando un minuto de silencio', 310, 0, 0),
(1237, 'Cantando Regresaré a la casa', 310, 0, 0),
(1238, 'Un homenaje docente y humano', 311, 1, 0),
(1239, 'Un homenaje político y social', 311, 0, 0),
(1240, 'Un homenaje musical y poético', 311, 0, 0),
(1241, 'Un homenaje ecologista y naturalista', 311, 0, 0),
(1242, 'Guárdate', 312, 1, 0),
(1243, 'Cante de la tierra adentro', 312, 0, 0),
(1244, 'A varear la oliva', 312, 0, 0),
(1245, 'El poeta', 312, 0, 0),
(1246, 'María José Hernández', 313, 1, 0),
(1247, 'Carmen París', 313, 0, 0),
(1248, 'Paco Ibáñez', 313, 0, 0),
(1249, 'Joan Manuel Serrat', 313, 0, 0),
(1250, 'Pablo Milanés', 314, 1, 0),
(1251, 'Pablo Guerrero', 314, 0, 0),
(1252, 'Paco Ibáñez', 314, 0, 0),
(1253, 'Dj Mr. Pendejo', 314, 0, 0),
(1254, 'La guitarra', 315, 1, 0),
(1255, 'El acordeón', 315, 0, 0),
(1256, 'La bandurria', 315, 0, 0),
(1257, 'La batería', 315, 0, 0),
(1258, 'Juan Pardo', 316, 1, 0),
(1259, 'Joaquín Carbonell', 316, 0, 0),
(1260, 'Federico Jiménez Losantos', 316, 0, 0),
(1261, 'Joan Manuel Serrat', 316, 0, 0),
(1262, 'La Mogollonera', 317, 0, 0),
(1263, 'Los Folloneros', 317, 0, 0),
(1264, 'La Bullonera', 317, 1, 0),
(1265, 'La Repanocha', 317, 0, 0),
(1266, '¡Vayatrés!', 318, 1, 0),
(1267, '¡Menudospájaros!', 318, 0, 0),
(1268, '¡Casináeltrío!', 318, 0, 0),
(1269, '¡Lospajaritos!', 318, 0, 0),
(1270, 'Maestro Labordeta', 319, 0, 0),
(1271, 'Amigo Labordeta', 319, 1, 0),
(1272, 'Señoría Labordeta', 319, 0, 0),
(1273, 'Cantautor Labordeta', 319, 0, 0),
(1274, 'Su testamiento', 320, 1, 0),
(1275, 'Su egoísmo', 320, 0, 0),
(1276, 'Su poesías', 320, 0, 0),
(1277, 'Su vida', 320, 0, 0),
(1278, 'En su casa', 321, 0, 0),
(1279, 'En la casa de sus abuelos', 321, 0, 0),
(1280, 'En casa de su Tia', 321, 0, 0),
(1281, 'En la casa de sus padres', 321, 1, 0),
(1282, '1983', 322, 0, 0),
(1283, '1993', 322, 0, 0),
(1284, '1982', 322, 1, 0),
(1285, '19884', 322, 0, 0),
(1286, 'su hija Paula', 323, 0, 0),
(1287, 'Su hija Angela', 323, 0, 0),
(1288, 'Su hija Ana', 323, 1, 0),
(1289, 'su mejor amigo', 323, 0, 0),
(1290, 'Se murio', 324, 0, 0),
(1291, 'Se marcho del país', 324, 0, 0),
(1292, 'Esta en coma', 324, 0, 0),
(1293, 'Esta en cárcel', 324, 1, 0),
(1294, 'En el bar', 326, 0, 0),
(1295, 'En el parque', 326, 0, 0),
(1296, 'En el bingo', 326, 0, 0),
(1297, 'En café', 326, 1, 0),
(1298, 'A su madre', 327, 0, 0),
(1299, 'A su hermano', 327, 1, 0),
(1300, 'A su mejor amigo', 327, 0, 0),
(1301, 'A su padre', 327, 0, 0),
(1302, 'dasda', 328, 1, 0),
(1303, 'adsdasdad', 328, 0, 0),
(1304, 'adadsdad', 328, 0, 0),
(1305, 'asdadasdad', 328, 0, 0),
(1306, 'El juego', 329, 1, 0),
(1307, 'El juego 2', 329, 0, 0),
(1308, 'El juego 3', 329, 0, 0),
(1309, 'El juego 4', 329, 0, 0),
(1310, 'Guadalquivir', 330, 1, 0),
(1311, 'Tajo', 330, 0, 0),
(1312, 'Duero', 330, 0, 0),
(1313, 'Nilo', 330, 0, 0),
(1314, 'India', 331, 1, 0),
(1315, 'Ganna', 331, 0, 0),
(1316, 'Guinea', 331, 0, 0),
(1317, 'China', 331, 0, 0),
(1318, 'Marruecos', 332, 1, 0),
(1319, 'Grecia', 332, 0, 0),
(1320, 'Italia', 332, 0, 0),
(1321, 'Antártida', 332, 0, 0),
(1322, 'Angola', 333, 0, 0),
(1323, 'Austria', 333, 0, 0),
(1324, 'Zambia', 333, 1, 0),
(1325, 'Chad', 333, 0, 0),
(1326, 'Chipre', 334, 1, 0),
(1327, 'Malta', 334, 0, 0),
(1328, 'Estados Unidos del Norte', 334, 0, 0),
(1329, 'Ucrania', 334, 0, 0),
(1330, 'Ganges', 335, 0, 0),
(1331, 'Río Indo', 335, 1, 0),
(1332, 'Brahmaputra', 335, 0, 0),
(1333, 'Yangtsé', 335, 0, 0),
(1334, 'respuesta 1', 336, 1, 0),
(1335, 'respuesta 2', 336, 0, 0),
(1336, 'respuesta 3', 336, 0, 0),
(1337, 'respuesta 4', 336, 0, 0),
(1338, 'respuesta 1', 337, 1, 0),
(1339, 'respuesta 1', 337, 0, 0),
(1340, 'respuesta 1', 337, 0, 0),
(1341, 'respuesta 1', 337, 0, 0),
(1342, 'respuesta 1', 338, 1, 0),
(1343, 'respuesta 1', 338, 0, 0),
(1344, 'respuesta 1', 338, 0, 0),
(1345, 'respuesta 1', 338, 0, 0),
(1346, 'respuesta 1', 339, 1, 0),
(1347, 'respuesta 1', 339, 0, 0),
(1348, 'respuesta 1', 339, 0, 0),
(1349, 'respuesta 1', 339, 0, 0),
(1350, 'adgasdg', 340, 1, 0),
(1351, 'asdgasdg', 340, 0, 0),
(1352, 'asdgasdg', 340, 0, 0),
(1353, 'adgasdg', 340, 0, 0),
(1354, 'Berlín', 341, 1, 0),
(1355, 'Viena', 341, 0, 0),
(1356, 'San Petesburgo', 341, 0, 0),
(1357, 'Roma', 341, 0, 0);

--
-- Índices para tablas volcadas
--

--
-- Indices de la tabla `categorias`
--
ALTER TABLE `categorias`
  ADD PRIMARY KEY (`categoria`);

--
-- Indices de la tabla `expcategorias`
--
ALTER TABLE `expcategorias`
  ADD PRIMARY KEY (`id`),
  ADD UNIQUE KEY `idExperto` (`idExperto`,`categoria`),
  ADD KEY `f2_categorias` (`categoria`);

--
-- Indices de la tabla `expertos`
--
ALTER TABLE `expertos`
  ADD PRIMARY KEY (`id`),
  ADD UNIQUE KEY `usuario` (`usuario`);

--
-- Indices de la tabla `familia`
--
ALTER TABLE `familia`
  ADD PRIMARY KEY (`id`),
  ADD UNIQUE KEY `nombre` (`nombre`);

--
-- Indices de la tabla `familiacateg`
--
ALTER TABLE `familiacateg`
  ADD PRIMARY KEY (`id_familia`,`id_categoria`) USING BTREE,
  ADD KEY `id_categoria` (`id_categoria`);

--
-- Indices de la tabla `juego`
--
ALTER TABLE `juego`
  ADD PRIMARY KEY (`id`),
  ADD UNIQUE KEY `titulo` (`titulo`);

--
-- Indices de la tabla `niveles`
--
ALTER TABLE `niveles`
  ADD PRIMARY KEY (`Nivel`);

--
-- Indices de la tabla `preguntas`
--
ALTER TABLE `preguntas`
  ADD PRIMARY KEY (`id`),
  ADD KEY `f1categorias` (`categoria`),
  ADD KEY `f2niveless` (`nivel`),
  ADD KEY `f3expertos` (`idExperto`);

--
-- Indices de la tabla `respuestas`
--
ALTER TABLE `respuestas`
  ADD PRIMARY KEY (`id`),
  ADD KEY `f1preguntas` (`idPregunta`);

--
-- AUTO_INCREMENT de las tablas volcadas
--

--
-- AUTO_INCREMENT de la tabla `expcategorias`
--
ALTER TABLE `expcategorias`
  MODIFY `id` int(11) NOT NULL AUTO_INCREMENT, AUTO_INCREMENT=54;

--
-- AUTO_INCREMENT de la tabla `expertos`
--
ALTER TABLE `expertos`
  MODIFY `id` int(11) NOT NULL AUTO_INCREMENT, AUTO_INCREMENT=11;

--
-- AUTO_INCREMENT de la tabla `familia`
--
ALTER TABLE `familia`
  MODIFY `id` int(9) NOT NULL AUTO_INCREMENT, AUTO_INCREMENT=31;

--
-- AUTO_INCREMENT de la tabla `juego`
--
ALTER TABLE `juego`
  MODIFY `id` int(9) NOT NULL AUTO_INCREMENT, AUTO_INCREMENT=44;

--
-- AUTO_INCREMENT de la tabla `preguntas`
--
ALTER TABLE `preguntas`
  MODIFY `id` int(11) NOT NULL AUTO_INCREMENT, AUTO_INCREMENT=342;

--
-- AUTO_INCREMENT de la tabla `respuestas`
--
ALTER TABLE `respuestas`
  MODIFY `id` int(11) NOT NULL AUTO_INCREMENT, AUTO_INCREMENT=1358;

--
-- Restricciones para tablas volcadas
--

--
-- Filtros para la tabla `expcategorias`
--
ALTER TABLE `expcategorias`
  ADD CONSTRAINT `f1_expertos` FOREIGN KEY (`idExperto`) REFERENCES `expertos` (`id`),
  ADD CONSTRAINT `f2_categorias` FOREIGN KEY (`categoria`) REFERENCES `categorias` (`categoria`);

--
-- Filtros para la tabla `familiacateg`
--
ALTER TABLE `familiacateg`
  ADD CONSTRAINT `familiacateg_ibfk_1` FOREIGN KEY (`id_familia`) REFERENCES `familia` (`id`) ON DELETE CASCADE ON UPDATE CASCADE,
  ADD CONSTRAINT `familiacateg_ibfk_2` FOREIGN KEY (`id_categoria`) REFERENCES `categorias` (`categoria`) ON DELETE CASCADE ON UPDATE CASCADE;

--
-- Filtros para la tabla `preguntas`
--
ALTER TABLE `preguntas`
  ADD CONSTRAINT `f1categorias` FOREIGN KEY (`categoria`) REFERENCES `categorias` (`categoria`),
  ADD CONSTRAINT `f2niveless` FOREIGN KEY (`nivel`) REFERENCES `niveles` (`Nivel`),
  ADD CONSTRAINT `f3expertos` FOREIGN KEY (`idExperto`) REFERENCES `expertos` (`id`);

--
-- Filtros para la tabla `respuestas`
--
ALTER TABLE `respuestas`
  ADD CONSTRAINT `f1preguntas` FOREIGN KEY (`idPregunta`) REFERENCES `preguntas` (`id`);
COMMIT;

/*!40101 SET CHARACTER_SET_CLIENT=@OLD_CHARACTER_SET_CLIENT */;
/*!40101 SET CHARACTER_SET_RESULTS=@OLD_CHARACTER_SET_RESULTS */;
/*!40101 SET COLLATION_CONNECTION=@OLD_COLLATION_CONNECTION */;
